sentiment	numberagreed	tweetid	tweet
neutral	6	12907	New Post:  Samsung bestätigt Produktionsbeginn biegsamer OLED-Displays für 2012 ~http 
neutral	6	24403	Base Lutea oder Samsung Galaxy Ace?  Ich hab die Qual der Wahl. Welches würdet ihr nehmen?
neutral	5	34237	Jeden Tag ein neues Aktionsangebot - das Kenner-Tagesangebot vom 22. Juli 2011: Das Sony Alpha A390 Set: ~http 
neutral	3	9096	Hör dir Katy Perry von Firework an! Ich habe den Song gerade mit TrackID™ von Sony Ericsson gefunden.
positive	3	40121	Dank @user geht es mir jetzt schon besser *_* &lt;3
neutral	3	14742	Lunett ~http
neutral	3	37066	Noch Irgendwer; der den Grimm-Stoff aufgreift? Kommt da vllt eine neue Trendwelle? Zurück zu den Märchen; nur etwas aufgehübscht; moderner?
neutral	3	41993	Dieses Video weitergeben -- Manfred Kriegel; 24 Stunden Hat Der Tag.MPG Fernfahrer - Song ~http  via @user
neutral	3	71995	Urteil: Samsung darf Galaxy Tab nicht verkaufen ~http  #Apple #ipad #samsung #galaxypad #Patente #Monopol
positive	3	45501	zu Hause (:
neutral	3	11910	hab ein sony ericsson satio
neutral	3	31453	Alle Freunde des Wintersports können sich freuen. Ab Freitag ist auch der Skilift am Pröller-Nordhang in Betrieb.... ~http 
neutral	3	37461	Hallo Welt !
negative	3	13128	Okay der straßenbahnfahrer is besoffen Oo fährt rückwärts mit offen türen ... Hallo?
neutral	3	41931	#24hberlin erst ein bisschen Stream; dann einige Stunden publicviewing; dann Atom Demo; dann wieder pv; und seit 21h am pc - puuuuh
positive	3	5045	Frohe Weihnachten alle zusammen. Ich hoffe ihr lasst euch alle gut beschenken. Und habt ein schönes Fest.
neutral	3	17943	“@JanSchmidt: sagt man eigentlich auch "untige"; analog zu "obige"?” kenne nur "nebig" - und das ist schon leicht schräg
neutral	3	15726	bin im r.l. besoffen; mir doch egal; was mit I.Steeger ist. püh.
positive	3	27736	Die @user und ich haben heute einen besonders tollen Platz zum lernen :) mit frechen Enten  ~http 
positive	3	32098	Schlafen. || Morgen Arbeiten; dann Jule hier ^-^
neutral	3	20025	Videothek zwecks Abk. durch Hintereingang der 18+ Abteilung betreten.Interessant wie viele Rentner da rumhängen.Koronale Trainingsmaßnahme?
neutral	3	22261	Lapidar beim Köpi Filmaward. Bitte voten und weiter sagen! ~http 
positive	3	43646	Caprica ist eine geile Serie! Schauen !
positive	3	32892	Premium-Strategie = exzellente Produkte + Dienst-Leistungen hoher Qualität und überdurchschnittlicher Preise: Emotionen = Kauf-Entscheidung!
neutral	3	10004	neu bei twitter
negative	3	13092	Boa heute ist wieder nur assis im Zug Tag. Laut und es stinkt -____-
positive	3	9374	Gute nacht ! Schlaft gut ihr alle!
neutral	3	82693	Microsoft-Apps für Symbian angekündigt: Nokias Kooperation mit Microsoft wird demnächst Früchte tragen: So solle... ~http 
neutral	3	26377	"Mein Audi TT hat Fronantrieb." Jupp; glaub ich Dir sogar.
positive	3	49545	Yeaaahh geil ; kanns kaum abwarten! Wann ist der realese ???RT @user am Freitag signing für den Re Release mit Sony von Blauer Samt
positive	3	36815	War gestern das erste mal in einem Fitness-Studio. Hab eigentlich einen verdammt großen muskelkater erwartet; aber heute merk ich nichts :-D
negative	3	142728	warum hat man das slidepad vom nintendo 3ds nicht blau; bzw. schwarz gelassen; sondern ist in der finalen version grau?
neutral	3	5759	Photo: Winterstiefel ADIDAS M Attitude Aus Veloursleder mit weichem Warmfutter (100% Polyester). Ferse mit... ~http 
neutral	3	29129	Die Geschichte des Like Button! #Facebook ~http 
negative	3	35734	Gelbe Markierungen auf der Domänenstraße in Konz. Da steckt sicher der LBM dahinter. Ich erahne schon die nächste Baustelle für die Konzer!
positive	3	5930	Kulturrampe Metal Night mit Rising Glory; Vanguard und Sacred Gate. Noch eine Band bisher geiler Abend
neutral	3	39449	Unser GM Achim Berg zu Entwicklungen in der ITK-Branche; Microsoft Geschäftsstrategie&Bedeutung der #CeBIT.... ~http 
neutral	3	43113	Kreuzfahrt-Alternativen zu Ägypten und Tunesien bei Costa ~http  und Oceania ~http
neutral	3	18112	Diabetes - Die unterschätzte Gefahr ~http  Sehr eindringlich!
neutral	3	45686	Wir brauchen nicht zu prüfen;ob die ganze Arbeit ein Plagiat ist; sagte der praesident@uni-bayreuth.de ;sehen das alle so? #Guttenberg #fail
neutral	3	4483	GPL: Wie muss der Quelltext angeboten werden?: Der Streit um mögliche Verletzungen der GPL durch Android-Geräte ... ~http 
neutral	3	8842	Weisheit des Tages: "In der Kanalisation lebst der Kanaligator."
neutral	3	36706	Kopfsport Flashback #2: Daster und Menace am rappen; der Hofnarr wie immer am Beatschrauben und der Firsty am... ~http 
neutral	3	41634	fährt jetzt ins Internat
positive	3	43937	Nur noch 2 Tage und dann ist wieder allseits bekannt; in Twistringen sind sie wieder alle Voll bis Oberkante Rand :D
neutral	3	32330	Austausch auf höchstem Niveau:: Eventprofis treffen sich im September in Luxemburg zum „1. European Event Summit“ ~http 
neutral	3	105264	Ist das Samsung Galaxy S2 irgendwo ab Lager lieferbar??
neutral	3	22571	Abverkauf Kabelsortiment - #20% auf alle #Proel Kabel ~http  (by ~mh) #20% auf alle #Proel Kabel
neutral	3	46181	Ferienwohnung Stanici Omis *** MODERN ART *** Ferienhaus Unterkunft Urlaub ~http  via @user
neutral	3	25397	Heute #WDR 5 #Zeitzeichen: 11. April 1936 Der Tod des Soziologen Ferdinand #Tönnies wird bekannt gegeben ~http  #Soziologie
neutral	3	1768	Vorhin mit 5 Leuten die Sailor moon OP gesungen~ :3
neutral	3	1487	Muss mal wieder ein Buch verkaufen; bitte helft mir. ~http
neutral	3	10313	Heinz-Christian Strache   Telefon   +436643033839 #fpoe
neutral	3	27245	Via Facebook wieder im Google-Index. ~http 
neutral	3	33450	Ich bin auch 16 km gelaufen Waren mir 3 die einzigsten ?
neutral	3	18986	Android News wurde gerade veröffentlicht! ~http  ▸ Titelthemen heute: @user @user @user @user
positive	3	9132	AJa guten morgen
neutral	3	7493	Gibt es eine Möglichkeit bei einem Benlux Modell von Samsung 46D6500 den Digitaltext (HBBTV) frei zu schalten ?
neutral	3	23440	Darauf noch ein Schluck Wasser!
negative	3	154046	Meine Brille ist kaputt. Wie das passiert ist? Mir ist eine Wii auf den Kopf gefallen. Ja; eine Nintendo Wii.
neutral	3	36860	Du ziehst um? Wenn du Hilfe brauchst; sag mir bitte nicht Bescheid.
negative	3	15341	Wenn einen der Schmerz von innen auffrisst...
neutral	3	19695	Kleines rotes Tier lutscht am Daumen.
neutral	3	43007	Aktuelles Urteil: Vorsicht beim Erwerb gebrauchter #Software - Hersteller darf #Schadensersatz fordern - ~http 
neutral	3	32994	"Komm zum Punkt! für Geschäftsleute" als kostenlose Kurzversion zum Download: ~http 
neutral	3	12892	New Post:  LG Smartphone mit Dualscreen und Split-Keyboard gesichtet ~http 
neutral	3	36348	ufem weg nach zöri
neutral	3	12859	Glühlampe brennt seit mehr als 100 Jahren: ~http
neutral	3	28794	Einstweilige Verfügung gegen „Das Amt und die Vergangenheit“ – allerdings wirksam nur für zukünftige Auflagen ~http 
neutral	3	42622	#1: Sony DCR-SX15EB SD Camcorder (50-fach opt. Zoom; 6;8 cm (2;7 Zoll) Display; bildstabilisiert) schwar... ~http  #kamera
neutral	3	28438	Schnäppchenjäger aufgepasst: der #Kodak Multifunktionsdrucker #ESPC310 bei Media Markt im Angebot! ~http
negative	3	17066	Beides ist nicht schön. RT @user ich weiß nicht was ich machen soll... morgen wieder schule :(
neutral	3	66595	Oschersleben: Abt will den Sieg: Die Abt-Piloten wollen die Stärken des Audi A4 auf der Strecke in Oschersleben aus ~http 
neutral	3	21197	Katzen Abendbrot gab es auch schon und schon wird wieder rumgelümmelt
neutral	3	12993	Heute ab 15.00 Uhr spielen wir wieder Fußball (vor'm Schwimmbad) mit Freunden und Freundesfreunden. Wer will kann gerne kommen.
neutral	3	41059	Wie sicher ist die deutsche "SwissID"? ~http 
neutral	3	19094	Konfliktlösung für Männer: ~http  #notch #q3a  Haben wir damals auch gemacht. Dabei ging's allerdings eher ums Abwaschen.
neutral	3	34613	Unser Team wächst: Die Medienwissenschaftlerin Juliane Lungershausen ist seit Anfang 2011 Junior Beraterin. ~http 
negative	3	162726	überall werbung zu sehen auch youtube o.O ich sags euch kauft nie microsoft produkte sie ziehen nur leute ab!!!!!
neutral	3	8102	ok ich fatz dann mal zum flegga
neutral	3	32117	Check out: "Die Steinsuppe - oder: aus Wenig einen Erfolg machen" ~http 
negative	3	15486	"Social Media muss professionell werden" - wenn ich sowas lese; kommt mir das Frühstück wieder hoch. Wir brauchen hier keine Drücker; Leute!
neutral	3	31870	Erinnerung: Unsere Jubiläumsaktion mit der Ihr 5% Extrarabatt auf alles erhaltet läuft nur noch bis Ende des... ~http
na	3	9226	ach scheiße man mein laptop ist am arsch freu mich schon auf heute nach mittag!!! Miriam &lt;3
neutral	3	38347	Es sind wieder viele stark reduzierte #Airsoft Vorführmodelle am Lager. Lieferung nur solange der Vorrat reicht! ~http
neutral	3	35644	Linkbuilding Studienarbeit + Fallstudie veröffentlicht ~http  via @user
neutral	3	8666	#Smartphone Schnäppchen von Nokia; HTC; Samsung und Sony Ericsson ~http 
neutral	3	771	Kanadas Bruttoinlandsprodukt fällt im zweiten Quartal zurück #kanada ~http 
neutral	3	20906	Ich habe ein YouTube-Video kommentiert. ~http 
neutral	3	12890	New Post:  Sony S1 & S2 Teaser Video veröffentlicht ~http 
neutral	3	44431	Heut Abend: #Tatort: Der glückliche Tod ~http
positive	3	19336	Nie mehr ohne dich-ich liebe dich :-*
neutral	3	80789	Dürfen die das abgebrannte Sony-Warenhaus in London zeigen? Es enthält/enthielt ja schließlich Content von Sony Music Entertainment! #London
neutral	3	45776	#Demner; #Merlicek und #Bergmann gewinnen Corporate #Werbeetat Pitch von #OMV //mg
neutral	3	66609	Audi wähnt sich noch nicht in Sicherheit: Martin Tomczyk ist seit Brands Hatch DTM-Spitzenreiter; doch bei Audi wei ~http 
neutral	3	11142	Google kauft Patente von IBM ein ~http 
neutral	3	5767	Bei Les Mads suchen sie eine neue Bloggerkollegin und Jaokob von Dandy Diary verrät; wer seine Favoritin ist.... ~http 
neutral	3	29070	Pics on: ~http
negative	3	8420	Argh; all die Videospiel-News allein zu posten ist echt nervig und anstrengend! Helft mir bitte und meldet euch im Nintendo Gamer Forum!!!
neutral	3	8714	Gerade gehört: Ein #Atom verhält sich zu einer Orange; wie eine Orange zur Erde
negative	3	41732	Keine Lust mehr DX Ich waere fast in Braunschweig stecken geblieben &gt;&gt;
positive	3	17237	Playstation Network passwort wieder gefunden =)
neutral	3	16679	Liebe Freunde; bitte stimmt bei der funny-frisch Chips-Wahl 2011 für mich als Chips-Tester! ~http 
neutral	3	7537	Twee Free wird im Juli aus dem App Katalog entfernt. Eine Twee2 Testversion ist derzeit nicht geplant #webos #palm #pre #pixi
neutral	3	4752	#DdoKwn:  Mit einem Taschenmesser; Bindfaden & Büroklammer kann man Bomben bauen; Reaktoren reparieren & Sicherheits- systeme lahm legen
neutral	3	16030	"Finest-Electronic-Beats" Klangraum NÜRNBERG / FÜRTH 106;5 MHz - ERLANGEN 106;2 MHz KABEL DEUTSCHLAND 103;9 MHz - KABEL… ~http 
neutral	3	61560	Verewige dich unter ~http  als Kapitän der Fußball Nationalmannschaft in einem von 2000 exklusiven adidas SPORT 2000 Superpostern!
neutral	3	8468	Fronius und Linde zeigen gemeinsamen Brennstoffzellen-Schlepper ~http
neutral	3	17568	Ein Angestellter in einer sehr großen Firma nimmt das Telefon; wählt und sagt: "Mein Schatz; heb deinen süßen ...~http 
neutral	3	47037	Beim #10. #Cello #Festival wird es an 3 Tagen #öffentl. #Workshops geben; geleitet u.a. von  #Maria #Kliegel; #Natalia #Gutman; #Arto #Noras
neutral	3	13186	now @user am Set von "Der Deutsche Freund"  mit Max Riemelt uvm.... ~http 
neutral	3	18175	Adobe Illustrator - Grundlagen: 3D-Werkzeuge in Illustrator - PSD-Tutorials.de ~http  via @user
neutral	3	23025	Tramparty Zürich ~http 
neutral	3	40802	Die Online-Wunschliste nur hier mitmachen! ~http 
neutral	3	36471	Ich hab kleine Füße und trotzdem große Titten.
neutral	3	36789	experiment: wildleder in der waschmaschine.
negative	3	21858	Vermisse sie einfach. aber trau mich nicht es ihr mal zu sagen.
neutral	3	23760	Schüchternheit ist nicht gefragt ~http 
negative	3	35624	#Bad Ems hat soviel Flair wie ne Scheibe Toastbrot.
neutral	3	13173	Ich habe 2 Fotos im Album „~ Konzerte ~“ auf Facebook gepostet ~http 
neutral	3	46827	Die nächste Party steht an und Sie wissen nicht; was Sie mitnehmen sollen? Schenken Sie doch eine Flasche Echte... ~http 
neutral	3	24812	für alle die es nicht wissen wollen: "knurd" heißt "drunk" auf rückwärts; das heißt; dass man erst mal eine Flasche Wein trinken muss; ...
neutral	3	6746	Viacom verliert vor Gericht gegen Google ~http 
positive	3	12361	hab grad dein Trailer gesehen zu deiner Sendung auf einsfestival. Huhu ich freu mich schon :D. Kommt des jeden Donnerstag?
neutral	3	45298	Jungs; die mit den Fan-Postern ihrer Mädels konkurrieren wollen; werden nicht umhin kommen; Robs verwegenen Style zu klauen.
positive	3	144031	Freut sich auf Ihren Sony Ebook Reader!
neutral	3	41559	#Bispingen. Heute ist "Sturzfest"!!!!!!~http 
neutral	3	8472	Nach Daimler und Opel will auch Audi Brennstoffzelle ~http 
neutral	3	15394	via/ @user Immobilienangebot: chice 2 Zimmer #Wohnung in #Dresden Kleinzschachwitz; absolut ruhig und elbnah; 62 m²  ~http
neutral	3	17725	Philippe Courard im Gespräch: 80 Millionen Arme in der EU ~http 
neutral	3	5836	Rhein-Neckar Zeitung - Politik trifft Jugend - Dann steht ein Schüler im "Piraten-Partei"-T-Shirt auf und fragt..- ~http 
neutral	3	14881	Brainstorming (päd. auch Thesengarten genannt ;-)) zum Thema Kinder- und Jugendstufe #kjgdk
neutral	3	40695	Von einem ganz ungefährlichen Pferdevirus - mz-web.de ~http
neutral	3	12544	Das LLR Outfit für den heutigen Tag! #Bday #3Jahre ^JO ~http 
neutral	3	35542	Gabriel will Langzeitarbeitslosen helfen. Selbstzweck oder Nächstenliebe?
neutral	3	4282	BGH-Entscheidung zur Rückforderung schwiegerelterlicher Zuwendungen ~http
neutral	3	42225	Schlägt am 5. November die letzte Stunde von Facebook? ~http 
positive	3	27742	So; noch ein letztes mal alleine schlafen; dann hab ich endlich @user wider *freu*
neutral	3	23568	Female-Resources: Das war die 43. Kalenderwoche: #Frauen - #Wirtschaft - #Politik ~http 
neutral	3	16653	Ich will ein Samsung Galaxy S2 bei Androidsforum.de gewinnen! Gewinnspiel auf ~http
negative	3	32535	Herr Holm ist alt geworden.. Und immer noch nicht witzig!
positive	3	38684	steinofen flammkuchen käse lauch.. beste was grade geht.. lecker lecker lecker.. (:
positive	3	12362	Bald kommt mein bestelltes Spiel an. "Naruto S. Ultimate Ninja Sotrm 2" Ich freu mich schon. Ich wills jetzt schon haben.
neutral	3	38441	Boho; Hippie und Ethno Styles - Geschichte + Styling Tipps - ~http 
neutral	3	23041	Blogartikel Yasni: Medienwelt wird aufmerksam ~http 
neutral	3	16830	Aufsteiger Platz #1: Nike Swoosh stirnband ~http 
neutral	3	29975	So ganz unrecht hat er nicht.
neutral	3	20794	der Wortkünstler  hält uns auf dem laufenden. RT @user Heute geht ramadan los !
neutral	3	81520	So; für alle Interessierten; ich habe eine Mail vom Samsung Kundenservice/Support erhalten mit folgendem Inhalt (vielle ~http 
neutral	3	28217	Palatschinken und Topfencreme mit Brombeer-Balsamico-Ragout ~http  @user #rezept #kochen #lecker #rezepte #dessert
neutral	3	4479	“Abmahnung” per Email von APW ist ein Fake: Wer in diesen Tagen eine angebliche Abmahnung per Email von den Rech... ~http 
negative	3	32701	Glückwunsch #SPD Lehrte: katastrophale Zustände im neuen #OBI. Aber das stört dich ja schon länger nicht mehr. ~http 
neutral	3	19271	Nicht nur was für Highspeed-Leser; Leseratten; Weihnachtsmäuse und sonstige Boandlkramer: ~http 
neutral	3	42486	! Persermix sucht neues zu Hause in Krefeld: Verschmuster Weiss-Roter Kater ca. 9 Wochen sucht... ~http  ~http
positive	3	36823	Angeschlossen und klingt einfach nur fett :) #Teufel
neutral	3	5352	Kantoos Economics - Yglesias sagt wie es ist: Das Problem an QE ist nicht das ; sondern das ~http 
na	3	2070	Für all das; was ich fühle; wird es niemals die passenden Worte geben.
neutral	3	82722	[Gerücht] Nozomi: Sony Ericssons neues Flaggschiff: Offenbar wird bald ein neues Flaggschiff von Sony Ericsson i... ~http 
neutral	3	39588	Exklusive Eigentumswohnung mit Fahrstuhl Wohnung; 26123 Oldenburg-Donnerschwee Kaufpreis: 246.500 €; Baujahr: 2011… ~http
positive	3	11916	musik hören und gitarre spielen :)
neutral	3	142713	Gewinnspiel: Dead or Alive Dimensions sucht einen Gewinner! - Planet3DS.de - Nintendo 3DS News: ~http  via @user
neutral	3	26649	Folgt ihr @user #ff
negative	3	2961	vor 12 stunden lagen wir noch zusammen am strand. ach man :/
neutral	3	18930	Kann man im Januar nach Bali fliegen? ~http 
neutral	3	20964	Kleinanzeigen kostenlos bundesweit inserieren ~http 
positive	3	43894	So Ihr Lieben! Ich wünsche euch einen guten Rutsch ins neue Jahr! Feiert schön und macht nichts; was ich nicht auch bereuen würde ;-))
neutral	3	132018	Jetzt wärs noch toll; wenn mein Samsung Galaxy sII morgen oder am Samstag noch kommen würde...
neutral	3	14664	Handle jetzt! Nutze diese einmalige Chance; um mit Riesenschritten voranzuschreiten. Revolutioninäres neues System ~http
neutral	3	105254	Für alle Samsung Galaxy I9000 Besitzer: Ab heute könnt ihr via Kies offiziell auf 2.3.3 updaten
neutral	3	154132	Spezial zur IFA: Microsoft Office Professional Plus 2010 für 59;90 Euro ~http 
positive	3	8392	habe seit heute einen mac book pro zu hause stehen :-) liebe ihn
neutral	3	150927	Die passende Strategie für Microsoft Office 365 ~http  via @user #Avanade
neutral	3	37450	#Flamenco ist unhabhängig von Kostüm und Aussehen. HIer der ~http
negative	3	28015	Ah... Gary Oldman ist in dem Film so ein Ekel....
neutral	3	17879	Die 'Harry Potter'-Stars früher und heute‎ ~http 
positive	3	6503	(Deswegen ist mir mein Bio-Lehrer sehr sympathisch ;D)
neutral	3	42524	! Tischplatte aus Echtholz in Krefeld: Eigenbau; lackiert; geringfügige Beschädigungen an zwei... ~http  ~http 
neutral	3	4324	Interessante Mitteilungen in der Sache Apple vs. Samsung in Düsseldorf: @user
neutral	3	34258	Das letzte goldene Ei hatte sich bei der Samsung HMX-Q10 Schwarz versteckt.
neutral	3	22934	Flucht durch das Fenster - Barmbek: Frau (26) in Stacheldraht-Gefängnis gefangen gehalten! ~http
neutral	3	33536	Die Marke #Durex bekommt einen neuen Besitzer. Wer weiß; was dann wird - deshalb jetzt sofort Panikkäufe starten! ~http 
neutral	3	34294	Spartakus auf RTL
neutral	3	133335	#Gewinnspiel: Samsung Galaxy S II - ~http  #Schweiz
neutral	3	23589	Sind Arbeitszeugnisse wertlos?      ~http                         #CallCenter #Teamleiter ~http 
neutral	3	28432	Kennt Ihr unsere neuen Helden schon? Nein?! Dann schaut sie Euch mal an; denn mit ihrer Hilfe könnt Ihr ab jetzt... ~http
neutral	3	32051	und @user machen sich gerade mit  nate dogg und Area Codes ready für booooooooooooooooom bap! Pb`s @user finest legt auf...
neutral	3	27244	Schutz vor dubiosen Firmen- ~http 
neutral	3	156495	Apple gegen Samsung - Erneut manipulierte Bilder bei Klage verwendet ~http  via @user
negative	3	130486	Kann man Domains bei #Strato mit Microsoft Office 365 (#BPOS) nutzen? Es scheint; als könnte man die NS-Records nicht ändern. :-(
neutral	3	129043	Preiskampf um Roaming-Tarife - Verkaufs-Charts der Smartphones: Apple iPhone 4 und Samsung Galaxy S führen. ~http
positive	3	24378	Manchen Leuten folge ich nur aus @user. Höhöhö. Total witzig und neu. Gerade frisch ausgedacht. Gab's noch nie!
neutral	3	4353	Causa Apple Inc. vs. HTC: Rollt jetzt der Lizenzrubel? ~http 
neutral	3	4328	Apple vs. Samsung LG Düsseldorf: Verdacht auf inkorrekte Seitenverhältnisse bei Beweisfotos ~http 
neutral	3	19052	ich weiß nich...die große Twitter zeit ist vorbei..bin eher am Fasebooken..
negative	3	22575	Das Niveau hat mal wieder abgesagt...ab mit dem Kopf!
neutral	3	17207	„Ich beschäftige mich nicht mit dem; was getan worden ist.  Mich interessiert; was getan werden muss.“   Marie Curie
neutral	3	42349	"Einzelkind" hört sich komisch an. "Alleinerbe" finde ich besser
neutral	3	46723	was @user heisst? Ganz easy: Deutschlands weltbestes Dossier; Leute!
neutral	3	35396	Hi Gays; ist euch auch so schwül heute?
negative	3	13509	dann gibts da noch die menschen; die sich einfach mal gar nich mehr melden und man sich fragt; was das eigentlich soll u_u
neutral	3	33712	Veranstaltung: Medellin’s International Jazz Festival: Schedule ~http  #Kolumbien #Jazz #Südamerika
neutral	3	23972	Ich glaube nichts; ich glaub an dich; glaubst du an mich; ich glaub ich auch.
neutral	3	35191	Nintendo gewinnt Rechtsstreit mit BigBen um Wii-Remote: BigBen; auf jeder Konsole bekannt für ihre günstigeren A... ~http
neutral	3	45047	Comment on NRW: Erdbeben der Stärke 4;4 by Florian: In Marl war es auch deutlich zu spüren!     ~http 
neutral	3	1276	eBooks mobil kaufen & lesen: Ab sofort gibt's die Libri.de eBookS App für Samsung Smartphones und Samsung Tablets ~http 
neutral	3	44456	Das sagt der #Focus zum #Schimanski #Tatort ~http 
neutral	3	12636	Wird beim Islam-Studiengang an der Uni Tübingen dann türkisch gesprochen?
neutral	3	103102	Markteinführung: Samsung Galaxy Note kommt im Oktober 2011 ~http  #Samsung #GalaxyNote #Smartphone
negative	3	40097	Ehrlich ey. schon wieder keinen Bock mehr. &gt;_&gt; Wie kann man so verblendet sein?
neutral	3	5888	Anastasia? Aguilera? Kann mich bei Naja Maja! nicht entscheiden #esc
neutral	3	15159	Läd sich gerade die 10 NES Spiele des Nintendo Ambassador Programmes herunter.
neutral	3	22569	Saxophon - ~http  Informationen und wissenswertes Ã¼ber das #Saxophon (by ~Danyel)
neutral	3	60260	Bin auf der Suche nach dem günstigsten Preis für den Samsung 40LE-B650. Bin bei 769€ Bei unter 750€ schlag ich zu!
positive	3	19553	Hatte einen wunderbaren Abend.. :)
neutral	3	42293	Read my response to "Wähle: Karneval in Venedig oder Polarforschungsschifffahrt?": ~http 
positive	3	32071	Morgen nach der Arbeit zu Dodo (:
neutral	3	105242	Trotz Apple-Klage: Samsung Galaxy Tab 10.1 bei Vodafone erhältlich ~http  via @user
neutral	3	17313	Joschka Langenbrinck #SPD ~http  #Statement #Berlin #Mobbing
positive	3	30660	Weil´s Spaß macht! #ff @user @user @user @user @user @user
negative	3	34278	Zurück in Düsseldorf - war klar dass das Wetter schlecht ist...
positive	3	39023	Der morgen ist da und was ist? Einer der Akkus geht wieder! :-)
neutral	3	44682	Jetzt nur noch Einleitung und Schluss schreiben
positive	3	3247	Mhhh; wüüünderschööönes Wochenende!!! ♥
positive	3	8003	Gleich gehts nach Hannover zum Einkaufsbummel. Freu mich schon; war schon ewig nicht mehr in Hannover :)
neutral	3	43796	MARANXA-deutsch /////////////////////////////////////////// Es gibt mehr... Posted: 29 Aug 2011 11:46 PM PDT http:.. ~http 
positive	3	43628	allen einen wunderschönen guten morgen. geniest den tag und Gönnt euch selber oder euren Liebsten was. ~http 
neutral	3	105265	Kann mir jemand sagen wo ich ein Samsung Galaxy S2 am schnellsten herbekomme? Evtl. Auch aus dem Ausland?
neutral	3	44434	Neuer #Münster #Tatort: Boerne und Thiel drehen am Kanal und an der Uniklink ~http 
positive	3	18334	Mein neuestes Hobby: Im Frankentipps-Ticketsystem die ausgefallensten Saalpläne als Szenarientest anlegen;-) Macht Spaß!
neutral	3	12286	Firefox 7 Beta 2 veröffentlicht: Nach etwas mehr als einer Woche gibt es nun die Beta 2 von Firefox 7 zum Downlo... ~http 
neutral	3	32788	Fuzzy-Logik: Verallgemeinerung der griechischen ODER-Logik; unscharfe Mengen-Zugehörigkeiten (unscharfe Mengenlehre): Systemische UND-Logik!
neutral	3	28955	#Jobs KFZ- Mechaniker (m/w): Mit durchschnittlich rund 63.000 Mitarbeitern und 500 Niederlassungen in rund 300 S... ~http 
neutral	3	11281	Meine Woche auf Twitter: 1 Retweets erhalten; 1 Erwähnungen. Via: ~http 
na	3	102	neidhardt frühstücken gehen...  wird lustig wenn julian ma aufsteht!!
neutral	3	22645	Ich habe ein YouTube-Video zu meinen Favoriten hinzugefügt. -- Rube Goldberg Machine i... ~http 
neutral	3	34033	#Sprache #lernen Weitere Infos zu ** Polnisch ** Vokabeltrainer für #Gastro & #Tourismus finden Sie hier &gt;&gt; ~http 
positive	3	32129	Was für eine Aussicht! ~http 
neutral	3	33090	Guten Morgen liebe Sorgen; seid ihr auch schon alle da. Habt ihr auch so gut geschlafen? ~http 
positive	3	21437	yeeeah hab mir cooking mama gekauft :D
neutral	3	12283	Sicherheitsdialoge werden in Windows 8 reduziert: Wie Microsoft in einem älteren Blogbeitrag zu Windows 8 erwähn... ~http 
positive	3	98185	freut sich über seinen neuen sony vaio
neutral	3	40594	Es gibt ja verschiedene Bänke ... oder Banke ... Banks
neutral	3	8370	gefällt Seit Vorgestern von Feinkost bei Ping ~http  #iTunes
neutral	3	46334	Ich stolperte über die Verwechslung von BuKo (Bundeskongress) mit BuKo (Frischkäse).  Imo is Frischkäse aber auch unwichtig! #BuKo #Julis
neutral	3	46274	Tagesstatistik: 302 neue Beiträge; 16 neue Themen; 3 neue Galeriebilder! Verpasst? ~http 
neutral	3	180	Lichtgestalter Aachen: ~http
neutral	3	38310	Jetzt kostenlos Soldat werden auf @user ~http
neutral	3	74054	Bin wieder zu Hause und versuche; mich an mein neues Handy zu gewöhnen. Kennt sich jemand mit Samsung aus?
neutral	3	20693	Die Ausstellung "Die Dracula-Legenden" wird am 18.06. in Mirow im Unteren schloss eröffnet (Öffnungszeit: 10-18 Uhr). ~http 
neutral	3	40972	#WHS News: Phone Connector für WHS 2011 veröffentlicht: Microsoft hat gestern den “Windows ... ~http  @user #NAS
neutral	3	31205	11 Stunden geschlafen... oO wow!
neutral	3	43778	Marktmusikkapelle Schwanberg online. ~http 
positive	3	45857	Übermorgen kann ich schon sagen: "morgen gehts endlich nach hause zur tollsten frau der welt!" *träum*
neutral	3	168251	Turnschuhe für die Dritte Welt. Adidas kooperiert mit Nobelpreisträger Muhammad Yunus. Quelle: TextilWirtschaft
neutral	3	22619	alle 24 minuten ging 2008 an den aktienmärkten rechnerisch eine Milliarde Dollar verloren.
neutral	3	17891	Als weiteren Angriff gegen Nordkoreas Militärs hat #Apple #Lion das Launchpad eingebaut. Sozusagen dumbfire action...
positive	3	40514	Auf geht's Werder kämpfen und siegen!
neutral	3	31967	Ich möchte einen Lexmark All-In-One-Drucker bei @user gewinnen: ~http  #TechDepot
neutral	3	1614	Trainingslehrgang  in Freital bei Dresden mit  JKA Karate Instructor Julian Chees (5.Dan) mehrfacher Kata Weltmeister & Deutscher Meister
negative	3	40100	Haha das ist wirklich nur noch Kindergarten! Wie lächerlich! xD Dumme; unreife Kinder.
neutral	3	775	Erneut abgetrennter Fuß in Kanada angeschwemmt #kanada ~http 
neutral	3	8167	Na bumm - Hitler nicht mehr Ehrenbürger in Amstetten: ~http 
neutral	3	25588	Kostenloses Jomsocial 2.2.x Sprachpaket aktualisiert auf Knuddelesel.de ~http 
neutral	3	12290	Kostenlose VHD-Images für Microsoft Virtual PC: Benutzer von Windows 7 bekommen mit Microsoft Virtual PC die Mög... ~http 
positive	3	42389	#Holzwickede SG Holzwickede: Sommerfest bietet Spiel und Spaß ohne Grenzen: Nur noch zweimal schlafen und der Sp... ~http 
neutral	3	20858	wie wird nun eigentlich das iPhine 5 aussehen ohne #SteveJobs????
neutral	3	24236	TV-Show in Frankreich stellt Milgram Experiment nach. ~http
negative	3	38206	Mein Fresse blutet ohne dass ich eins aufs Maul bekommen hab .. Das soll mir mal einer nachmachen
neutral	3	48882	Der Sieger unseres Deployment Hero Contest; den wir zusammen mit Microsoft durchgeführt haben; steht fest! ~http 
neutral	3	64165	"Nokia und Microsoft attackieren die Alleinherrschaft von RIM" via It-business ~http 
neutral	3	20413	Der goldene Spatz ~http
positive	3	6415	Eine gute Nachricht gibt es noch: Mein Schnupfen ist verflogen! *__*
neutral	3	2308	Fotos Bilder sofort für Ihre Werbung PR Publikation die besten hier ~http 
neutral	3	14438	Katja Kullmann als Identity Theft Opfer bei Facebook: ~http
neutral	3	157701	Neue Produkte von Samsung im Kommen! Teil 1 ~http 
neutral	3	44469	;) ~http  Wahrscheinlich einer der bekanntesten Freizeitschuhe Produzent Gucci gucci
positive	3	3454	Unterricht ohne Lehrer ist toll. &lt;3
neutral	3	40280	Wichtige Hinweise zum Thema Personalienfeststellung: ~http  ~http  #s21
neutral	3	30453	Lieber frohe Ostern als ein mieser Western!
neutral	3	5817	Wahlergebnispräsentation Kreis #Kleve; #Wesel; usw. -&gt; ~http  ; wird idR. laufend während der Auszählung aktualisiert!
negative	3	13811	Wie ich einfach schon wieder kotzen könnte. Und heulen. Am Besten abwechselnd. Scheiße.
neutral	3	30803	ich brauch ganz viel motivation um jetz nicht todesmüde ins bett zu fallen!!!!  FREIWILLIGE VOR !!!!!
neutral	3	17331	Coach statt Couch ~http  #Mobbing #Mobbingberatung #Kassel
neutral	3	52751	Freihaltebedürftig? RT @user Netzwelt-Ticker: Microsoft will Apples "Appstore"-Marke löschen ... ~http 
negative	3	21777	jetzt schnell Musik hören bovor ich richtig schlechte laune bekomme!
negative	3	159988	Oh noez! Microsoft kauft Skype. Übermorgen geht die Welt unter.
neutral	3	757	Kanada: Doppeltitel für Thiem bei der US-Open-Generalprobe #kanada ~http
neutral	3	27541	Ich empfehle: Erklärung meines Telefonverhaltens ~http 
neutral	3	33976	Wie Sie ohne Investitionen einen Kapital von € 32;500; - erhalten können; finden Sie auf ~http  *** Bitte notieren Sie BIG_7843
neutral	3	33805	Sport: Real Mallorca fliegt zu einem Freundschaftsspiel am 27. Mai nach Kolumbien ~http 
neutral	3	154340	Neue Panne: Sony legt Kundendatensätze selbst offen - Golem.de ~http  #endless #story #sony #fail
neutral	3	41272	Gibt's da nichts von Ratiopharm? #Frauentausch
neutral	3	22635	Ich habe den Kanal von HDHomerJ auf YouTube abonniert (~http ).
neutral	3	26777	Falls wer die hölzerne @user findet; nicht mit Säge o.ä. bearbeiten sondern großflächig mit Kaffee einreiben. Fertig ist Kaffee Latte.
neutral	3	32924	Denkt bei euren Web-Sites an die Lesbarkeit - auch der älteren Internet-Anwender. Sonst kaufen die woanders!
positive	3	2647	Heute leg ich einen Martha Stewart Tag ein :) Wer will Tiramisu??
neutral	3	40958	#WHS News: Diskeeper 2011 bald für Windows Home Server 2011 erhältlich: Laut der englischsp... ~http  @user #NAS
positive	3	44720	Hatte gestern einen schönen Geburtstag :)
negative	3	1063	ER macht mich aggressiv...
neutral	3	22876	Bald bei Kliomedia: Glasproduktion. Archäologie und Geschichte: ~http  #glas #mittelalter #glashütten #archäologie
neutral	3	12506	Ein Lebenszeichen von Kittie auf meinem #Blog ~http 
positive	3	38669	hahahaha... xD xD xD... ich lach mich tot.. schön das man mir auf diese art und weise ein lächeln ins gesicht zaubern kann.. xD xD xD haha..
neutral	3	9737	Gewinnspiel auf @user - Als Gewinne winken ein Samsung Full-HD LED 3D Fernseher und iPads! #gewinnspiel
negative	3	31638	Dieser Domscheit-Berg ist so ein asozialer Spinner...
neutral	3	44649	64GB Ipodtouch = 400 € und 32GB Ipodtouch 300€
neutral	3	43357	20:30 Uhr Licht aus
neutral	3	15691	Familienurlaub am Achensee und vor dem Frühstück die ersten 10km gejoggt. #trainingslager
neutral	3	28285	Frühstück & Brunch: Rezepte; Tipps und Warenkunde - von Hannes Finkbeiner et al. - Matthaes. ~http 
na	3	39580	Wo yao feng le.
neutral	3	23046	So funktioniert ein Touchscreen ~http 
neutral	3	154160	Netzwerk-Mediaplayer Sony SMP-N100 für 75;90 Euro bei iBOOD ~http 
negative	3	46187	Das nenne ich ganz schön Mutig erst holt man einen der sanieren soll und will mit den großen Hunden pinkeln und dann keinen Arsch inne Hose
positive	3	17161	Frühling ist da!!!!! und es gibt grad nichts schöneres als Sonne
neutral	3	38248	morgen pulp ja oder nein? .grübel.
positive	3	1114	Soooo auf geht's Löwen kämpfen und siegen :)) (@ Eissporthalle Neuss) ~http 
neutral	3	26447	Heute #lateline anrufen? Vielleicht.
neutral	3	4198	haltet diese Gruppe auf : ~http 
neutral	3	6953	Mutti beim Elternabend.
neutral	3	339	#ff Liebe installieren:  ~http 
neutral	3	156567	Allerlei Verbesserungen : Microsoft zeigt Details des Internet Explorer 10 ~http  #N24
positive	3	17523	heute nachmittag gabs einen leckere bio burger... :) ~http 
neutral	3	6447	Immer wenn irgendwer Wanne Eickel erwähnt muss ich an @user denken :/
neutral	3	156478	"2001: Odyssee im Weltraum": Samsung holt Hilfe aus dem All ~http 
positive	3	45759	Heute gehts shoppen !!! Wir bringen Mama´s Kreditkarte zum glühen; oder nicht ??? Mal sehen !!!
neutral	3	34021	Letzte Chance: Sprachkurse zum Sparpreis *Auf alle EXPRESSKURSE gibt's 10 € Rabatt. &gt;&gt;  ~http  #Sprachen #lernen #Reis
negative	3	3945	Und heute lag der Frosch vor meiner Tür!Er war Tod.Tod Zerquetscht!Wer dahinter steckt is unbekannt.Die Freiheit ist schon lange Tod Freunde
neutral	3	141335	Marken-Umfrage: Sony beliebter als Apple @user ~http 
positive	3	27785	.. Frittenbude ist schon geil. (: &lt;3'
neutral	3	23448	Such den Fehler @user  ~http 
neutral	3	39302	#inappropriatefuneralsongs Wunder gibt es immer wieder ...
neutral	3	80400	Kann mir jm. sagen wer mich eben bei der Unterführung bei der ETS in nem blauen Audi KB.JB... gegrüßt hat? :D
positive	3	29738	Guten Tag an diesem herrlichen Freitag
neutral	3	17890	Kaum hat Microsoft Skype gekauft ... "+" wie neuer Kontak bringt ein Submenü für Neu ODER Suchen. Erinnert mich an Start -&gt; Beenden #iPad
neutral	3	44634	In einem Meer voll Schmerzen; ertrinken die einen; die anderen lernen darin zu schwimmen..'
neutral	3	37747	der Vertrag läuft bis 2015 RT @user ~http  ist Generalübernehmer der Berliner #Ampelschaltung
neutral	3	13158	Bericht in Fachzeitschrift ~http 
neutral	3	42136	Neu auf KL: 11. Filmkunstmesse | 19.-23.09.2011: Vom 19. bis 23. September 2011 treffen sich über 900 Kinobetrei... ~http 
neutral	3	37914	Die Frisur passt auf jeden Fall zum Text. #Lena #ardesc
positive	3	12540	Nach ADC Silber und Cannes Silber freuen wir uns über GOLD beim ADC Europe für die MB Sprinter-Bewerbung. ~http  ^JO
neutral	3	34228	Das Foto Konijnenberg Kenner-Angebot: Die Sony DSC-HX100 aktuell versandkostenfrei für nur € 469;00: ~http 
neutral	3	1655	LiebeEltern.de - Für eine sichere Zukunft Ihrer Kinder auf Facebook ~http 
neutral	3	21173	Kleiner Ausflug auf die andere Rheinseite: verkaufsoffener Sonntag auf dem #Stadtfest in #Wiesbaden ~http 
neutral	3	11689	Drastische Source Code Änderungen sind geplant beim Video Addon.Anregung durch User Raystar. Ein Player für alle Formate.Das heißt Arbeit :P
neutral	3	26952	helft @user Ist jemand aus Richtung München/Nürnberg/Regensburg am #dcc10 und könnte mich evtl. am Sonntag mitnehmen?
neutral	3	34454	Beim Baseball.
negative	3	785	wääääh~ blöde urm... keinen bock mehr zu lernen T__T
neutral	3	37419	Cappu und Keks — at Oldenburg ~http 
neutral	3	2230	Die Tage werd ich mal wieder meine Haare färben :P
neutral	3	26842	Schnellzauber-Sets [W1] - ~http 
neutral	3	2517	Die @user - Das unbekannte Wesen ~http
neutral	3	1563	Kandidat Peter Müller stellt sich vor. ~http
neutral	3	39558	Hier könnt ihr sparen ohne ende ;einfach mal rein schauen ~http 
neutral	3	24133	Ich mache grundsätzlich hinter meine Tweets ein "!"; damit ihr sie auch lest!
neutral	3	17336	Mobbing &amp; Andreas Höhne; Berlin-Reinickendorf ~http 
neutral	3	12219	Gewinne ein Jahresabo des Kiteboarding Magazin ~http 
neutral	3	444	Jetzt gerade auf VOX - Spiegel TV: Nachhilfe beim Therapeuten; wenn das Haustier Probleme hat - Sendung verpasst? Schau: ~http 
neutral	3	42551	Nachrichten Krefeld Krefeld - Königstraße: Stadt rudert zurück ~http 
neutral	3	64501	Dieses Video weitergeben -- NIKE ADVERTISINTG ~http  via @user
neutral	3	5157	Komme zu „Monkey Disko vs. Wicked & Wild  mit GANJAMAN live“ Freitag; 9. September von 22:00 bis 05:00 .... ~http 
neutral	3	8111	bin kurz ca 1h weg...bd le: *
neutral	3	6718	News Paper Wars für die PSP angekündigt ~http 
neutral	3	123606	Neue Arbeit für Samsung Österreich:  ~http  ~http 
neutral	3	1149	Deutscher Meister Kickboxen. Alexander Yoon ist Deutscher Meister in Dessau geworden! ~http 
negative	3	44627	Ich hasse dich Ich hasse dich  Ich hasse dich Abgrundtief  Ich hasse dich  Ich hasse dich  Ich hasse dich weil du mich nicht liebst #raheem
negative	3	21074	Schön; wenn im Bad das Wasser zur Abwechslung mal nicht aus dem duschkopf kommt sondern von der Decke tropft! :( #Wasserschaden
neutral	3	33838	Umwelt: Kolumbien will Holzeinschlag im Regenwald bis 2020 komplett einstellen und bis dahin 77% der Energi… (cont) ~http 
neutral	3	37430	#mitdemradzurarbeit Ich fahre immer mit dem Rad
neutral	3	511	Wunderkind stellt in NY aus ~http 
neutral	3	65102	Es ist soweit: es warten 10 MNY Sets auf Euch uuuund eine Nintendo Wii. Im 24. Türchen unseres Xmas Kalenders ~http
neutral	3	44453	Besuche die originalen Filmschauplätze in #Ludwigshafen und begib dich auf deine eigene Spurensuche am #Tatort. ~http
neutral	3	31620	Pommern im Siebenjährigen Krieg: Wissenschaftskonferenz und Ausstellungen am 20.05 in Kolberg. Weitere Infos unter: ~http 
neutral	3	28292	Kluge Köpfe kochen gesund: Das 1 x 1 der ausgewogenen Ernährung - von Alice M. Stockreiter et al. ~http 
neutral	3	11105	hat jemand ne Ahnung was so sehenswertes im TV läuft heute abend?
neutral	3	136896	Techniknews: "Office 365" - Microsoft Office Webapp im Browser - Beta startet heute; Anmeldung kostenlos ~http  @user
neutral	3	45568	Da habe ich die @user wohl so energisch angeklickt; dass 'sie' mir gleich wieder davongesprungen ist ... Soeben sicher eingefangen.
neutral	3	32719	Evolution: 13 Mrd. J.; Big Bang: Wasserstoff. 4;5 Mrd. J. biologische E.: Menschen ((C) by H. v. Ditfurth) ~http 
neutral	3	29911	Irgendwie verstehe ich bei der Activia Werbung immer; dass die Frau zwei Eisbären gegessen hätte.
neutral	3	28573	Achtung; jetzt kommt ein; nein kein Karton; sondern ein Test; beep; beep... #fb
neutral	3	26528	Karneval 2011: Cowboy oder Indianer?
negative	3	19514	Heute ist eindeutig einer dieser Tag wo man bereut jemals aufgestanden zu sein!
neutral	3	42501	! Samsung Handy; SGH - T659 in Krefeld: Funktioniert einwandfrei. Mit ladekabel und gebrauchsa... ~http  ~http 
neutral	3	39509	Essen ohne Stress: Wie Ihr Kind mit Spaßund ganz von selbst richtig essen lernt
neutral	3	6396	Lieber @user. Sagst du mir deine MC Server IP?
neutral	3	33337	Hat Anonymous jetzt heise.de runtergefahren; oder was?
negative	3	9694	Halsschmerzen / Kopfschmerzen ;( Nachher Zeitungen verteilen -.- Ob ich das überstehe ? :D
neutral	3	36001	.@weltonline: Aus für „Literarisches Quartett“ ~http 
neutral	3	20990	Premium Kleinanzeige: Microsoft Office 2010 Academic.... ~http 
neutral	3	4422	BGH zur Zustellung "demnächst" ~http  #fristwahrung
neutral	3	12882	New Post:  Samsung Chromebook ab morgen verfügbar ~http 
neutral	3	12804	Der erste Stock; die Haupthalle.  ~http
neutral	3	6157	Grüne beenden Koalition mit der CDU in Hamburg ~http 
neutral	3	35178	Weltweite Wii-Software-Verkaufszahlen von Nintendo: Nintendo hat eine Liste mit weltweiten Software-Verkaufszahl... ~http 
negative	3	40158	ich finds teils recht lachhaft; wenn deutsche meinen englische Übersetzungen von japanischen Texten zu übersetzen :D
negative	3	665	Neuen Podcast aufgenommen...Stimmung trotzdem auf dem Nullpunkt.
neutral	3	12672	Du kannst mir bestimmt sagen; wo ich in #Nagold länger als 3 Stunden #kostenlos #parken kann. #strafzettel #abzocker
neutral	3	12894	New Post:  Samsung Galaxy Tab 7 aufgetaucht ~http
neutral	3	44679	Wäsche bügeln
neutral	3	30379	Ob hier heute noch Sport vermarktet wird? ZWEIFELHAFT. #schaufelstillstand
neutral	3	22720	Brustkrebs Reha Bayern? ~http 
neutral	3	26532	So; wir bauen grade kräftig am Programm für die nächsten Monate. Nächsten Freitag starten wir aber erstmal so richtig für 2011.Bloomclub yo!
neutral	3	32804	PDS ® Performance Development System; 1 ganzheitlich-systemisches Entwicklungs-Konzept für Menschen (Leben) versus Kybernetik für Maschinen!
neutral	3	657	wer im schlamm steckt;kann über ein schiebedach froh sein. #searock
neutral	3	85134	Kleinanzeigen: Nur noch 13 Nintendo DS DSi Lite 3DS Spiele in Magdeburg: High School Musical ... ~http  Magdeburg Anzeigen
neutral	3	48866	You can touch this! Wie die Microsoft Touch Mouse entstand:  ~http 
neutral	3	68126	Wir sind auf der sony ericsson schulung angekommen. Mal sehn was es neues gibt.
neutral	3	33812	Angesichts des Absatzbooms in Asien und Südamerika wollen BMW und Audi ihre Aktivitäten in den Schwellenländern ausweiten... (Reuters)
neutral	3	12304	Microsoft veröffentlicht den "Building Windows 8" Blog: Bisher hat sich Microsoft sehr bedeckt gehalten; was ihr... ~http 
neutral	3	12728	gleich zum Nebenjob!!
neutral	3	18929	Oft werde ich gefragt; mit welchem Programm ich meine Fotos bearbeite. Mit #FixFoto arbeite ich schon mehrer Jahre ~http
neutral	3	39420	Haben gerade Kai Pflaume auf dem Microsoft Stand interviewt! #CeBIT #CeBIT10 ~http 
positive	3	43849	So endlich Feierabend :) Werd mir jetz erstmal ne coole Hose kaufen gehen dann nach Hause bissel weiter schrauben :)
neutral	3	11059	Neue Finanzregelung wird die Vereine verändern ~http
positive	3	132019	Wuhu mein Sony Ericsson Satio wurde schon auf 50 € geboten! So kanns weiter gehen xD
neutral	3	43541	MAN ist nun mit einem eigenen Kanal auf dem führenden Internet-Videoportal YouTube vertreten. ~http 
neutral	3	3316	Ich habe ein neues Foto auf Facebook gepostet ~http 
neutral	3	36148	Beliebte Produkte im Chemnitzer "German's" Bistro sind Croissants und Donuts.
neutral	3	44854	Und ja. Ich hatte vorher einen quadratischen Monitor :D
positive	3	3931	An Anika: Ich liebe das Kochbuch!! Ich muss unbedingt was daraus kochen! Danke für deinen Brief und den Geburtstagsgruß.
positive	3	18715	hat morgen ihren letzten offiziellen Schultag; eeehe eeh :-)
positive	3	3426	Das heute Abend war toll ♡
negative	3	20763	HAHA RT @user Scheiss Rockermähne-Sie musst beim kotzen meine Haare halten!
neutral	3	8792	Netzgeflüster:  Das war's - HAZ ~http 
neutral	3	32733	Corporate Wording mit Text-Bausteinen verleiht Business-Profil sowie Zeit- + Geld-Ersparnis für alle Kompetenz-Bereiche und jedes Business.
neutral	3	17290	Wichtig für alle die ein #ff geben - hier die Regeln in Deutsch: ~http  BITTE RT!
neutral	3	20530	NEWS von der Weltreise: Quiz: Auflösung und Gewinner ~http 
neutral	3	33076	#Bahrain #Libyen #Interview zur #Lage in #Japan und deren Ausmaß! ~http  #berlin
positive	3	25096	ja 6 siege aus 10 spielen super !! #duknb
neutral	3	19715	neuer follower "Lernen mit Lerninstrumenten; Team-; Verkaufs-; Persönlichkeits- und Werteentwicklung; Talentmanagement" wird mein schüler
neutral	3	177150	Basic Thinking verschenkt das Samsung S7070. Ich will mit in die Lostrommel: ~http  #Divatelefon
neutral	3	32738	Corporate Wording mit Text-Bausteinen verleiht Business-Profil sowie Zeit- + Geld-Ersparnis für alle Kompetenz-Bereiche und jedes Business.
neutral	3	11853	Von höchster Stelle: Hallöle! Wie die Gerüchteküche erzählt; soll der oberste Chef im Landkreis; Thomas Bold; sich... ~http
neutral	3	32119	Agile Projekte und Scrum in der Praxis: Elemente; Nutzen; Tools; Hürden ~http
positive	3	46108	man ist das schön DSDS gucken; surfen und Alk^^
neutral	3	32184	Flugspecial Asien; günstiger Thailandurlaub am Golf von Siam; Thailand Special von Etihad Airways... ~http 
neutral	3	34255	Die Foto Konijnenberg Wochenaktion: Das Samsung WB650 Urlaub-Set diese Woche für nur € 199;00: ~http 
positive	3	44570	Endlich ein anständiges Piericng für die Zunge gekauft; ich kann wieder reden!
negative	3	41728	Mein Daumen faengt an zu kratzen Dc
neutral	3	505	Französische Revolution von 1789 - ein kurzer Überblick ~http 
neutral	3	42856	Auch ich muss mal wieder arbeiten gehen :D
negative	3	2013	Und manchmal nervt es; dass NewYorker keinen Onlineshop hat. D:
positive	3	44514	...morgen warsch. eLp mit den besten Mädis :) ...ennnnnndliich wochenende....guck mir jz GZSZ an :)
neutral	3	24758	MORGEN !!! SAMSTAG !!! LUST N LOVE !!!! LIVE !!! ROADRUNNER'S ROCK & MOTOR CLUB !!! U-Bhf Senefelder PLatz !!! AB 11 g… ~http 
neutral	3	37113	in letzter zeit will ich nur noch schlafen
neutral	3	9944	Wer fordert jetzt ein Fernsehverbot von G. #Depardieu?
neutral	3	99210	Jemand interesse an ein Sony Ericsson Satio? 1 Jahr noch Garantie.. Melden ;&gt;
positive	3	25669	Heute Essen war supii :**  hBa dich lieb
neutral	3	40838	Wünsch dir was  ~http 
neutral	3	31466	Komme zu „Festliche Konzert Gala 2010: DON KOSAKEN CHOR SERGE JAROFF“ Sonntag; 7. November von 16:00 bis 18:30 .... ~http
positive	3	6939	Ist es nicht süß? :P ~http 
neutral	3	20934	Aktion Jackson was los wo bleiben die Lappen die du schicken wolltest?@Sinnhat21
positive	3	19060	Dieses Video musst du dir ansehen! -- glenn frey - the heat is on video ~http  via @user muß sein ^^
neutral	3	9511	So; jetzt erstmal anziehen & arbeiten gehn ... xD
neutral	3	15416	Markt: Suche Reitbeteiligung in Dresden - Kleinzschachwitz ... ~http
na	3	23679	gibt gleich Nachhilfe .. 2 Stunden lang :/ naja egal  ;D .. Morgen Montag ..oooooh kein Bock alter. Nur noch 12 Tage dann endlich 15 :D
neutral	3	32917	... erinnern wir uns: Deutsche Steuerhinterzieher verursachen 10 mal höhere Schäden als der gesamte deutsche Sozialetat beträgt!!!
neutral	3	35835	#nowplaying wir sind helden - die ballade von wolfgang und brigitte
neutral	3	35179	Website zum 25-jährigen Zelda-Jubiläum geht online: Nintendo hat heute die japanische Website zum 25-jährigen Ju... ~http 
neutral	3	26199	Mit Pfeil im Gesicht??
positive	3	21678	Plant ein Wochenende in Hamburg. Tolle Stadt; tolle Leute!
neutral	3	23547	Modebewusst; Links; BMW.@~http  #Hohmann-Dennhardt: Eine rote Dame für #Daimler (von Lisa Nienhaus) ~http
neutral	3	22857	Unser Angebot für Latinisten und andere Philologen: ~http  #latein #mittelalter #ausonius #philologie #verlag #kliomedia
neutral	3	39955	Er fliegt immer an der Wand lang und macht 'pfffffffffff' oder so.
neutral	3	98859	Nachholbedarf beim E-Antrieb: Audi forscht in China - News - FOCUS Online ~http
neutral	3	24009	Und am Ende der Straße steht ein Haus am See.
neutral	3	5889	Dana International? Kommt wohl grad in den Stimmbruch... #esc
negative	3	9775	man scheis schule! könn mich alle ma! scheis lehrer! sollen sich doch alle figen!
neutral	3	31628	KOLOBRZEG.DE bzw. KOLBERG-URLAUB.DE verbessert das PageRank auf "4" und zieht damit mit dem offiziellen Portal der Stadt gleich!
neutral	3	9008	Ich bin morgen bei #twremen die mit 'nem älteren werdertrikot von boenisch (2) :)
neutral	3	37034	"Hier sehen wir den weltberühmten Schriftsteller im Begriff; sein jüngstes Manuskript einzuwerfen..." (Snoopy) :D
neutral	3	26251	Heise-Forum zum iPhone: "und wenn du eine Tastatur hast - dann hast du auch kein iPhone.." "ein Smartphone sie zu knechten..."
neutral	3	11827	coco bar mit Maria; Ahmed; Riyat und Bertan :D
neutral	3	21218	Photo´s online bestellen; einfach auf sn......sh herunterladen und sogar bearbeiten; easy
neutral	3	29057	der aktuelle Sportplan ~http 
neutral	3	39692	MAD Plastic Fantastic! Neben unseren extrem populären; sehr fängigen Imitationsködern aus Plastik bieten wir jetzt... ~http 
neutral	3	5688	Die Erfahrung ist wie eine Laterne im Rücken; sie beleuchtet stets nur das Stück Weg; das wir bereits hinter uns haben. Konfuzius
neutral	3	34803	#Petition Anlegerschutz: Unterstütze die Forderungen nach strikter Kontrolle der Banker ~http  #toobigtofail #finanzkrise
positive	3	39979	wie süß *-*
neutral	3	160212	Twitter-Gewinnspiel von SE: @user folgen; #WinSatio posten und ein Sony Ericsson Satio gewinnen
positive	3	30040	Verdammt; war der Film cool! #fastfive
neutral	3	42238	#ISP #Domains : Preiserhöhung für #TLD .tc ( #Turks- & Caicosinseln ) um 1;50 € - NEU 22;50 € für 1 Jahr - ~http 
neutral	3	36875	Schaue jeden Tag bei @user vorbei!
neutral	3	129825	2nd Level im Microsoft Umfeld zu besetzen: näheres hier ~http  oder direkter Kontakt
neutral	3	10491	Nich daa - ma eben weech.
neutral	3	16533	Ich hab das mal ausgerechnet. Komme auf 6743 Jahre Beziehungspech durch Unterbrechungen von Kettenbriefen.
neutral	3	167706	Hergeschaut! Nintendo auf der GDC ~http 
positive	3	18304	Eine phantastische Sängerin ist Toni Childs. ~http 
neutral	3	5571	Ändere Deine Worte; dann ändert sich Deine Welt!    ►► VİDEO  ~http 
neutral	3	29845	Der @user verträgt glaub ich nur den Fusel aus dem tetrapack am besten vom günni
neutral	3	85125	Kleinanzeigen: Sony Ericsson Xperia X10 mini Pearl/White Pink in Magdeburg: Ich verkaufe mein... ~http  Magdeburg Anzeigen
negative	3	7139	ich will meine Kamera jetzt. sofort. meeeeh ._. und ich Doofkind hab auch noch meinen Stick mit den Fotos in der Akademie vergessen &gt;_&gt;
negative	3	17682	Der gestrige Abend war.. kaputt.
negative	3	3844	Fuck. Ich bin krank. Letzte Nacht gebrochen und heute total im Arsch.
neutral	3	96234	Handy-Markt: Samsung und Apple stoßen Nokia vom Thron ~http  via @user
neutral	3	34749	Schweinefleisch-Produzenten wollen Probleme selbst lösen ~http  via @user
neutral	3	100809	Endet heute: Hilton - Sparen Sie 35% bei Ihrer Buchung von mindestens 2 Nächten im Hilton Antwerp mit diesem Hil... ~http
neutral	3	33024	Ganz frisch: "Plan B" von unserem Debütalbum "KonTakt" - sexy compiliert: ~http 
neutral	3	25799	Testankündigung - Xtreme cellulite Creme... ~http 
neutral	3	29172	Nicht Gesund; aber Mitten im Leben: Foto des Monats: September 2010 ~http 
negative	3	37073	und dann kommt der Tag an dem die ganze Welt unter dir zerreist...
neutral	3	33540	Coripa Maßkondome - Heute letzter Verkaufstag - nur noch bis Mitternacht bei uns erhältlich: ~http  Jetzt noch zugreifen!
neutral	3	17282	Wechsel von XING zu LINKEDIN...ist es von Vorteil oder wieder nur ein Zeitfresser? ~http  Mein Tipp: Zu LINKEDIN WECHSELN
neutral	3	105251	Update für Deutsche Samsung Galaxy S2 mit dem DBT Product-Code via KIES
neutral	3	4315	Ausführliches Qype-Profile-Update erfolgt: ~http
negative	3	13502	die jugend heutzutage..
neutral	3	3470	Definiere "Erzählstruktur"! #verwirrterGeldgeiler #Domian
neutral	3	99791	Mit einem Retweet an der Verlosung von 15 Nintendo DS teilnehmen =&gt; ~http  für Affiliates + Retweets
neutral	3	33936	Kolumbien & Gesundheitstourismus: Vom 18. - 19.05 wird auf dem 1er "Encuentro Internacional de Oportunidade… (cont) ~http 
neutral	3	14093	Sitze in der Schule und teste mein Google Twitter Gadget
neutral	3	44965	Wie findest du die werbung von katy perry auf prosieben?
negative	3	29500	Unglaublich; dass es immer noch Blogs ohne RSS-Feed gibt...
neutral	3	42594	#einkaufen #sparen #1: Samsung EB-K1A2BEBEGSTD Akku mit Gehäuserückseite für Galaxy S II: Samsung EB-K1A2BEBEGST... ~http 
neutral	3	184637	Nächstes mal werde ich Microsoft Sam "Nooo" sagen lassen und daraufhin dem Patienten sagen: "Computer sagt nein..."
neutral	3	34116	Angebotswochen für Tattooentfernung haben begonnen...
neutral	3	32805	Unsere Marke: PDS ® Performance Development System; ein ganzheitlich-systemisches Entwicklungs-Konzept für Personen + Unternehmens + Org.!
positive	3	43836	Weihnachtsmarkt war geilo. Jetzt nach hause und dann überlegen was als nächstes anliegt :)
positive	3	39788	Ja geil Noiceroom is dick! Lass ma abgehen!!!
neutral	3	15896	HEUTE 02.07.10 Jam Session |Start 21:00 Uhr| Eintritt 2€ (Vereinsmitglieder frei) ~http
neutral	3	2250	Für alle; die wissen möchten wir man ein Gespräch ganz einfach in Richtung XYZ lenkt:... ~http 
neutral	3	46259	Tagesstatistik: 308 neue Beiträge; 16 neue Themen; 12 neue Galeriebilder! Verpasst? ~http 
neutral	3	34282	Rheinterassen mit Helena - Sonnenanbeten Folge 2
neutral	3	34926	Rommel und kein Friede: Darf man einen von Hitlers wichtigsten Kriegern; nämlich den Generalfeldmarschall Erwin ... ~http 
neutral	3	33785	Die kolumbianische Künstlerin Raquel Hofer beteiligt sich am Freiluftsymposium vom 30.08.-3.09. in Neuenrade ~http 
neutral	3	20874	Wohnen - Ideen & Inspiration: Am Wochenende macht man es sich doch am liebsten gemütlich; oder? Zumindest am Son... ~http 
neutral	3	57720	Drucker-Sonderpreise: z.B.: Samsung ML1860 um 35;- Euro; Canon MX360 um 49;- Euro; Canon LBP5050N um 135;- Euro exkl. MwSt. Unglaublich!
neutral	3	1193	Ich mache keinen #ff weil ich faul bin oder so; ich vergesse nur immer wann grade Freitag ist :'D #nurzurinfo
neutral	3	45807	#MNvienna FHWien grüßt Dejan Palalic und freut sich auf den MobileMonday #momoat //mg
positive	3	46086	freundin is da :D
neutral	3	22120	Wir haben zwei neue Outdorseite in unserer Blogroll: Freiluft-blog (~http  und Trekking | Blog (~http )
positive	3	30757	Ach ich liebe mein Samsung Galaxy S mit Android ..und Danke Appel du hast gezeigt wie ein Smartphones sein muss
neutral	3	8933	iPhone Apps Update: Erde und Weltall - Die neuen Irrtümer der Allgemeinbildung | Leseprobe (books): .. ~http  ~http 
neutral	3	43023	Soziale Netzwerke wie #Facebook oder #Xing werden bei der Polizei bei der #Fahndung nach Verkehrsündern immer beliebter. ~http 
neutral	3	43694	Dieses Video musst du dir ansehen! -- Hate2Lose- Skaten und Konzert Kassel ~http 
neutral	3	124846	Machst du dann dieses Zeitraffer mit Power Director oder mit Sony Vegas weil mit(@YouTube ~http )
na	3	17370	Ist mal wieder auf dem Weg nach Mannheim. Schön. Und wieder ein mal ist die Klimaanlage ausgefallen. Nicht schön.
positive	3	7041	Ja das wars :) aber jeder tag mit dir ist toll &lt;3
positive	3	32445	wasfür ein fetter sound: get well soon - und legal kostenlose live ep ~http 
neutral	3	8289	oh schon fast vier :/ warum bin ich denn noch wach??
neutral	3	6169	Geld sparen und verdienen ~http 
neutral	3	42745	Die Sparkassenkunden im Freistaat geben wieder Geld aus − vor allem für Häuser und Grundstücke. ~http  #Kredite #News
neutral	3	20991	Kostenlos inserieren im Anzeigenverteiler anzeigenschleuder ~http
neutral	3	5401	Fußball & seine Rolle im südafrikanischen Nation Building - Prozess ~http  ~http
positive	3	19215	Haben uns im Festival Walk "True Grit" angeschaut. Klasse Film -- und mit sehr nettem Humor...
neutral	3	35098	F.A.Z.-Blogs "Mühsam richtet sich die Generation 40plus im digitalen Leben ein" ...~http 
negative	3	6099	Und schon kommt einem das Leben ein kleines bisschen grauer vor...
negative	3	41832	"Zuckerrübenernte auf Rekordniveau!" Wenn deine Lokalzeitung damit eröffnet ist es an der Zeit in eine Großstadt zu ziehen.
neutral	3	23207	Neu - erkunden Sie die Vulkaneifel mit unseren Pedelecs! Ein eingebauter 250KW Elektromotor unterstützt Sie... ~http 
neutral	3	30089	Verfügbar
positive	3	34411	Ich hab endlich nen Kleid für die Silberhochzeit meiner Ellies!!
neutral	3	39618	Neubau von eleganten Eigentumswohnungen mit Fahrstuhl - Top Innenstadtlage - Wohnung; 26135 Oldenburg Kaufpreis: 167… ~http
neutral	3	18403	Doppelganger Week: @user besitzt meiner Meinung nach leichte Ähnlichkeit mit ... ~http  ?! ;-)
neutral	3	8158	beim chatten erhält man häufig schnellere Antworten als bei twitter --&gt; chatten gespräch verläuft schneller
neutral	3	42282	#ISP #Domains : Preiserhöhung für #TLD .com.ph ( #Philippinen ) um 1;00 € - NEU 100;00 € für 2 Jahre - ~http 
positive	3	40750	Heute werd ich gefirmt :D
neutral	3	16792	Neue Nike 6.0 Shoes eingetroffen! U. a. ~http 
neutral	3	34223	Das Foto Konijnenberg Kenner-Angebot: Das Sony SLT-A55 Starter Set aktuell für nur € 739;00: ~http
neutral	3	45381	ich les gerade; dass eig. johnny depp und noch so eine andere das paar bei "titanic" sein sollten; sie es jedoch ablehnten ;D
neutral	3	36844	Folge dem kopf; oder so.
neutral	3	24920	anthropogen - vom Menschen gemacht - man lernet nie aus
neutral	3	27709	"ARD-Buffet"-Wandertag / Die Vorbereitungen für Sonntag sind in den letzten Zügen.Die letzten Infos für alle Teilnehmer: ~http 
neutral	3	4336	Keine Halterhaftung bei Parkgebühren: ~http
neutral	3	24093	Spieglein Spieglein an der Wand; welcher ist der beste Tweet im Land?
neutral	3	105240	Suche eine Tasche für mein Acer Iconia Tab A500 und diesen neuen Akku für das Samsung Galaxy S2?
positive	3	21245	die Dokomi war so toll &lt;3 Hoffentlich kann ich die Mädels alle bald wiedersehen (vl. nach meinen Umzug oder so)
neutral	3	39736	Man nehme 1 Kilo Nudeln multipliziere es mit 2 Litern Cola und man erhalte mein Abendessen.
neutral	3	24836	kein Twitter im Reich der Mitte ~http 
neutral	3	33720	Veranstaltung Köln: "Caipirinha Latina" - Samstag 03. Sept. im Petit Prince ~http  von Salsa bis Reggaeton
neutral	3	28297	Trend Drinks: Mit Fotos von Oliver Schwarzwald - von Arnd Heißen - Edition Styria. ~http 
neutral	3	9990	meine fam ist auch in munchen
neutral	3	2171	Weil es nicht gestellt ist. ~http 
neutral	3	17922	Diät gefällig? ~http 
positive	3	23154	Wir wünschen allen Kunden und Freunden unseres Weinguts ein gesundes und erfolgreiches neues Jahr!
neutral	3	38830	haha megan fox folgt mir
neutral	3	35171	GC: The Last Story und Pandora´s Tower kommen nach Europa: Ebenfalls von Nintendo jetzt offiziell und endgültig ... ~http 
neutral	3	11420	Die Vor und Nachteile von Social Media Marketing &gt; Facebook; Twitter  ~http 
neutral	3	39668	Ich habe ein neues Foto auf Facebook gepostet ~http 
positive	3	6522	Etwas bessere Laune: Heut Mittag gibt es Kaiserbraten mit Sauerkraut :)
neutral	3	48907	Gulp says: MS Security Essentials RTM - kostenloser AntiVirus von Microsoft - Jetzt herunterladen - ~http 
neutral	3	36402	Eignung der Windkraftnutzung / Windkarte D: ~http  // Positionspapier Windenergie e.V.: ~http 
negative	3	27174	Also E-Technik war glaub ich in Ordnung. Physik war mehr oder weniger schlecht. :( so ein Mist. Muss es wahrscheinlich nochmals schreiben :(
neutral	3	41703	Kampf um Bahnhof: Kretschmann rückt von Stuttgart-21-Gegnern ab - SPIEGEL ONLINE - ~http
neutral	3	184175	Ich verkaufe auch meinen Sony Heimkino Dolby Pro Logic Receiver mit 2 Boxen. Momentaner Stand: 10;01€ läuft heute ab ~http 
na	3	17292	Leider noch ein paar Tage nur Mobiles Internet… werde mich aber nächsten Freitag bei allen #FF´s revanchieren :-) DANKE!!
negative	3	43708	Da kommt man gestresst nach Hause und das Bett ist abgebrannt... Es gibt diese Tage da sollte man einfach zu Hause bleiben...
negative	3	3720	Wenn es eines ist; was ich nicht ausstehen kann; dann sind das Lügen.
neutral	3	26755	Wer auf dem Holzweg ist; sollte Leim dabei haben.
positive	3	27633	aber nachher ab 14 Uhr  gibts dann Frühstück und Mittagsschlaf. freu :-)
neutral	3	5240	Neue Einträge im Gästebuch ~http 
positive	3	7466	Video schneiden. ;D
neutral	3	42600	#1: Samsung EB-K1A2BEBEGSTD Akku mit Gehäuserückseite für Galaxy S II: Samsung EB-K1A2BEBEGSTD Akku... ~http  #handy
neutral	3	38531	Ich habe den Kanal von CuteBlondieYulie auf YouTube abonniert (~http ).
neutral	3	34859	reife-freche hat einen Chat er&ouml;ffnet. ~http  ~http 
neutral	3	36040	Levin+Westermann+-+Schimmelpilz+als+Zwiebelmuster ~http
negative	3	41413	Kopfschmerzen X___x - Der heutige Arbeitstags war echt anstrengend. Heut geht's früh ins Bett...
negative	3	21462	Ich hasse es; wenn ich bei Passwörtern so kreativ war; dass sie mir selber nicht mehr einfallen...
neutral	3	106719	Bing: Für 2;5 Milliarden Dollar Umsatz hat Microsoft 5 Milliarden Dollar ausgegeben. ~http  #bing #ms
neutral	3	27359	Klar; 20°C; Wind: 4 km/h SSW (20:00) #Luzern
positive	3	14367	Ein richtiger Ohrwurm :-) RT @user "Keks!!! Alter Keks! ist der mit Ohrsand?" (@helge kommt auch vor) ~http 
neutral	3	40951	#WHS News: Hat der Windows Home Server überhaupt noch eine Zukunft?: Wer sich mit dem Windo... ~http  @user #NAS
positive	3	1827	WARM! O_O Ich weiß nicht wieso; aber ich fühl mich Heute sexy!!! 8D
positive	3	32499	Frauen- #WM Meine Güte ist #Marta cool vor dem Tor. Die hat die Ruhe weg. 3:0
positive	3	369	Mein neuer Shop; ich freue mich auf Ihren Besuch ~http 
positive	3	9899	Guten Morgen Leute..gerade aufgestanden und jetzt die pizza in den Ofen schieben^^
neutral	3	71966	Alle reden von Bing. Mir fällt da erstmal vorrangig Chandler Bing aus #Friends ein... falls sich jemand daran erinnert... #Bing
neutral	3	26995	#Reisen heißt; die menschliche Existenz ins Schaukeln zu versetzen; sie andere Formen des Daseins probieren zu lassen. (Michel de Montaigne)
neutral	3	30739	lieber heute ein Samsung Galaxy S2 als irgenwann ein iPhone 5
positive	3	17085	So; die letzten beiden kleinen süßen Schlingel haben nun auch ein gutes neues Heim gefunden! Danke an alle; die eins adoptiert haben!!! :-)
na	3	23683	hmmm. immer noch krank  =/  Was ein geiler Schultag haha =D hab ein 3- in Mathe wuuuh  =p
neutral	3	152324	#WM 2010: Nike; Adidas & Co verlagern ihre Werbekampagnen ins Internet - ~http  #Marketing #PR #SocialMedia #Werbung
neutral	3	41209	Hack n Slash Cup #4: Nach Sieg gegen NaN ist DkH.HoN im Halbfinale gegen Fnatic ~http 
neutral	3	161379	NEU: 3DS ab Wintersaison für 170€; schon früher gekauft? Dann Schenkt dir Nintendo 20 Spiele in eShop (mehr info ~http )
neutral	3	28308	Rebsorten ABC - von Dagmar Ehrlich - Gräfe & Unzer. ~http
neutral	3	33820	Konzert: Am 03.06. in Frankfurt Salsa-Konzert mit "Doble Jugada" (aus Kolumbien / Kuba) im "Latin-Palace Chango" ~http 
neutral	3	124958	Ich nehme an der Samsung Galaxy S-Verlosung von @user und @user teil: ~http 
neutral	3	20733	Komme zu „Bottich“ Freitag; 1. April 2011 von 20:00 bis 23:30 . + Dumbell ~http 
neutral	3	76192	Microsoft arbeitet an Bing und Windows Live Messenger ~http 
neutral	3	16646	Durch einen Tunnel; der die Residenz des Staatschefs mit der des frz. Botschafters in der Elfenbeinküste verbindet wurde Gbagbo angegriffen.
neutral	3	42602	#1: 5 x mumbi Displayschutzfolie Samsung i9100 Galaxy S II Displayschutz CrystalClear unsichtbar Fo... ~http  #handy
positive	3	46650	#Meral ist geil Elektrisches Gefühl #Juli #XFactor
positive	3	884	i ha scho en wiehnachtsgschenkli becho... ziel: schoggi-santa uffresse *freu*
positive	3	14376	Endlich mal wieder SONNE! - Setzt die Sonnenbrille auf; Leute! 8)
neutral	3	3070	Huch; schon 12 Uhr. Wann ist denn bei euch Mittagspause?
neutral	3	5779	#Wohnen und #Einrichten in #Berlin ~http 
neutral	3	11291	Kampf um den Leser: Yahoo; Google und Bing spannen zusammen ~http 
neutral	3	11089	nacher nt fetzen und dann zurück gammeln
neutral	3	9485	Immer schön klicken! Seid ihr auch bei Dschini? Klicke gerne zurück. ~http 
neutral	3	167721	Hergeschaut! Nintendo 3DS – 3D ohne Brille ~http 
neutral	3	17569	Ein Mann hat sich Viagra verschreiben lassen und der Arzt hat ihm empfohlen; eine Stunde vor dem Verkehr die P...~http
neutral	3	36593	Talentloser Musiker? Bei @user aus gesummter Melodie 'nen ganzen Song machen. Vorhin bei Funkhaus Europa und jetzt auf ~http 
neutral	3	31114	Ich habe 3 Fotos im Album „25. Mai 2011“ auf Facebook gepostet ~http
neutral	3	28423	Rezept: Haferflocken Frühstück ~http
neutral	3	39639	Ich habe gerade einen Lauf über 9;02 km in einer Zeit von 49:08 mit Nike+ GPS beendet. #nikeplus
neutral	3	8634	Tec Watch; Neues von der #IFA ~http
neutral	3	5007	Okay; merke wenige Minuten später bei der Deutschen Bahn heißt 7min.
neutral	3	17505	Dank des großen Erfolgs des Deutsche Telekom ITV Award 08 startet Microsoft eigenen Contest (Zitat Microsoft Mediaroom User Group Summit)
negative	3	19435	Irgendwie is alles doof...
positive	3	14886	Gut gestärkt vom Mittagessen starten wir nun mit den Anträgen #kjgdk
neutral	3	29626	Gute #Körperhaltung pusht die #Ausstrahlung. Der beste Trick: SBD.
neutral	3	105257	Heute offizielles 2.3.3 Update für das Samsung Galaxy i9000 und Galaxy Tab
neutral	3	6297	"Der Tod Gottes ist eine interessante Meinung; aber sie berührt Gott nicht." (Nicolás Gómez Dávila)
neutral	3	70545	Nortel-Patente gehen an Gruppe um Microsoft und Apple - Google zieht den Kürzeren ~http 
neutral	3	33835	Villa de Leyva im Departament Boyacá: 438 Jahre Geschichte und Kulturerbe Kolumbiens. @user Fotos ~http 
negative	3	162728	Man man man wie ich diese Typen von xBox hasse!! die mit ihren xbox kinect so eine billige und dreckige sache; sony hat ja was viel besseres
neutral	3	168349	Neues Microsoft Office Zeitalter.Auch Windows soll in Zukunft nicht mehr auf dem Rechner sein sondern in der "Cloud" zur Verfügung stehen.
positive	3	18641	geil; wenn man bis 2 uhr nachts in der schule hockt und alkoholische getränke ausschenkt ... so sollte das immer sein
neutral	3	34764	Der #Ständerat hat gegen die Interessen der Reisenden entschieden ~http  #Bahnreform #SBB #ÖV
positive	3	39316	Chuck & Larry auf Sky. Der Film ist einfach gut!
negative	3	26389	Urlaub fängt mit der Erkenntnis an; dass mir jemand ne fette Beule in die Tür gefahren hat und abgehauen ist :-(
positive	3	35583	Der ist j sooo süß der kleine. :) /⁰Heute kommt mei Schatzi wieder heim. :-* /⁰Dann Tischtennis gegen Döhlau.
positive	3	6375	Einfach nur unglaublich gut! *___* (watching Neues vom Wixxer) ~http 
positive	3	9356	Ich wuensche allen schoene Weihnachten. I wish a happy chrismas.
neutral	3	20341	Das moderne Home Shopping Business. Clever shoppen von zuhause aus; mit einer gigantischen Auswahl. ~http 
neutral	3	39811	noch 4x Schlafen...~http 
neutral	3	28238	Coffee Circle: Online weltbeste Kaffees kaufen und Entwicklungsprojekte unterstützen: ~http 
negative	3	40987	Matrix ist so ein NERD-Film
neutral	3	3135	Der Winter naht mit großen Schritten… ~http  #briard
neutral	3	6789	"spielt heut nich schland gegen afghanistan" - fast! #ger #aserbaidschan
neutral	3	7773	Verwende nun Twitter zusammen mit StartXXL: ~http 
neutral	3	31973	Ich möchte einen Preis beim Geburtstagsgewinnspiel von @user gewinnen: ~http  #Caschy
negative	3	3875	Das war rot du spasst.
neutral	3	161951	Android-Superheld im Samsung Galaxy S II ROM entdeckt ~http  via @user
positive	3	4014	=) danke schön!
positive	3	21900	Yeah! bin alleine in nem fremden Haus.
neutral	3	3843	Schnee Schnee Schnee ~http
neutral	3	15932	Die Klangkammer gibt es jetzt auch im tiefen weiten Internet. Nicht nur in der gemütlichen blauen Zone. ~http 
neutral	3	39737	Ich stepe mit meinen neuen Nike Blazer Vintage. Durch die Gegend. #swag
negative	3	36776	früher waren lehrer immer diese menschen ohne privatleben. jetzt; wo ich lehrer kenne & teil ihrer privatleben bin weiß ich es: ICH BIN ALT!
negative	3	38187	ich sollte mal mit dem fressen aufhören.. echt grausig. was nur los? D:
neutral	3	39547	Sie haben noch keinen Tablet-PC? Dann sollten Sie jetzt am großen- Gewinnspiel teilnehmen! ~http 
neutral	3	29275	so ab jetzt ~http  ~http 
neutral	3	35165	Weitere Details zum Wii-Redesign in Europa: Wie das Official Nintendo Magazine aus Großbritannien berichtet; wir... ~http 
positive	3	3369	Hoffentlich gucken viele #WM; dann wird das später ein entspanntes shopping in #wiesbaden
positive	3	36701	Ein frohes neues Jahr 2011!
neutral	3	33296	Quacksalber leitet kein Fachkrankenhaus mehr ~http
neutral	3	4321	BGH erklärt Lehrerbewertung bei Spickmich.de für zulässig ~http 
negative	3	29377	In der Haribo Colo-Rado Tüte sind auch immer weniger Sachen drin; die ich mag...
neutral	3	15280	Stellte grad Wortsuchfunktion ein und tippte "Ficken". Ganzer Bildschirm wurd gelb. Was soll mir das jetzt sagen?
neutral	3	34922	Aufrecht: 2011 ist das Europäische Jahr der Freiwilligentätigkeit. In Stuttgart wird es dazu am 20. und 21. Sept... ~http 
neutral	3	16670	"Ich will das Android-Smartphone Samsung Galaxy Ace bei @user gewinnen. ~http 
neutral	3	30101	Ich habe ein YouTube-Video zu meinen Favoriten hinzugefügt. -- S-BAHN- TRAIN by Paul Kalk ~http 
neutral	3	29363	Warum wird neben dem Unilever Gebäude in der Hafencity ein Riesenrad aufgebaut???
negative	3	34308	Bad putzen : (
neutral	3	11660	Eine erstes ASCE Plugin System Vorschau Video wurde erstellt. ~http 
neutral	3	20581	Ich glaube es dauert nicht mehr so lange also weil wir alles neu amchen müsssen und haben jetzt auf page neue uptades gemacht dan bis dan bb
neutral	3	22104	Wir haben das Mammut Smart Alpine für euch getestet. Schaut es euch an: ~http
positive	3	2852	Noch ein Follower ? Dann hätte ich die 500. Wär Obbergeil :)
neutral	3	46670	Sollte Inter Mailand im Dezember auch noch den Weltpokal gewinnen; dann wird das Trikot ganz schön mit Aufnähern voll geklebt sein.
positive	3	46196	Ich bin Online. war gar nicht so einfach die ip zu finden um die Kindersicherung auszuschalten :-) Wie fettttttttt
neutral	3	35679	Konzeptionerblog: Das verflixte 7. Jahr ~http 
neutral	3	14271	duschen ~http
neutral	3	16179	Kann man die Haarfarbe im Nachhinein verändern?
neutral	3	18300	Plagiatsaffäre: Bayreuth appelliert an Guttenberg (von Heike Schmoll; Berlin) ~http
neutral	3	22903	Tipps zum Energiesparen in der aktuellen Kundenzeitung; auch Online lesen! ~http 
positive	3	39134	Ich kann schon wieder den Schreibtischgrund erkennen! :-) Gleich bin ich fertig mit aufräumen.
neutral	3	34302	EU: 42% der Europäer will nicht in den Winterurlaub fahren #Krise ~http  // Dafür bleiben die Pisten leer
neutral	3	9738	Gewinnspiel auf @user - Als Gewinne winken ein Samsung Full-HD LED 3D Fernseher und iPads! #gewinnspiel ~http 
neutral	3	30628	So würde ich es auch schreiben: ~http 
neutral	3	5445	Das Wort der #Grünen in der Bundesrepublik Deutschland hat ab heute ein neues Gewicht. #Kretschmann #Grüne
neutral	3	22530	#CDU Bergisch Gladbach sagt ihr Sommerfest auf #Facebook ab. #FB #Facebookfest
neutral	3	19253	Heute zum 1. Mal seit Versetzen der Fähranleger die Starferry genommen-da entstehen ein paar riesige neue Gebäude in der Kowloon-Skyline
neutral	3	1424	Bitte teilen!! JACK JOHNSON Karten  ~http
neutral	3	32365	trägt eigentlich noch jemand Buffalo Schuhe? ;)
neutral	3	34593	für die kalte jahreszeit der altbekannte ~http  pro vs. adidas Techfit  ~http 
neutral	3	35181	Europa: Einziges Zelda-Konzert in London angekündigt: Auf der vergangenen E3 hat Nintendo angekündigt; in jedem ... ~http 
neutral	3	13940	Magazin-Montag: Helden in der Indie ~http 
negative	3	146272	Mein Kleiner hat das Nintendo DS-Teil meines Großen ins Klo geschmissen. Sowas Bescheuertes.
neutral	3	42204	AddPublic: Vortrag "einfach einfach Netzwerken" - oder die Kunst der guten Beziehung am 07.09.2011 in ... ~http 
neutral	3	64160	"Redmond vs. Walldorf Microsoft sitzt SAP im Nacken" via Computerwoche ~http 
neutral	3	32188	Günstige Indienrundreise Goldenes Dreieck mit Kuwait Airways Flugspecial... ~http 
neutral	3	4533	Kanzlei-Hoenig-Info: Betrug durch Anwälte zulasten der Justizkasse? ~http 
neutral	3	29965	Habe mich dazu entschlossen  jetzt Spongebob Kuchen zu backen.
negative	3	10722	so... deg ticket verkauft bekommen... was sie aktuell an musik produzieren ist net mein fall &lt;_&lt;;
neutral	3	26870	Neue A:153 Waffe [W1] - ~http
neutral	3	22017	Produktionsnotizen: Am Wochenende hat Lumoon in vollständiger Besetzung alle Musiken mit Sopranistin Christiane Mikoleit geprobt.
neutral	3	10917	geht auf Manu*L´s seite und hört euch Sommer 20-10 an.. prod. von Chewo..Hamburg-Braunschweig connection..
neutral	3	122304	adidas AG: Praktikum im Bereich Retail Controlling Market Central: Die adidas AG bietet ein Praktikum im Bereich... ~http 
neutral	3	127411	Softwarereparatur Bootreparatur für HTC - Samsung usw. ~http
neutral	3	113796	Heute Nacht gehen die Gutscheincodes für die Nintendo 3DS Aktion raus. Letzte Chance sich zu registrieren. ~http 
neutral	3	33569	Unser Wetter in Mengen: ~http  #KondorAviatik #Fliegen #Sonne
positive	3	10211	freut sich aufs LaserQuest heut abend!
neutral	3	39472	HP Notebook + 2 Samsung Handys + Tasche + Maus für 0 EUR bei Quickhandy ! - ~http 
neutral	3	1724	~heute Abend Fußball Brasilien gegen Germany nu mal schauen  ZDF 20:15 :) wers nicht wissen sollte...
neutral	3	2772	Das Liederprojekt auf facebook: ~http 
neutral	3	22815	ok...weder noch.
positive	3	78	heute abend party; döngesmühle!!!  mit meiner besten!!!
positive	3	20150	hach ist das schön wenn die sonne scheint xD
neutral	3	38340	NEU: das Ruger Explorer Starter Kit. Luftgewehr im Komplettset für nur 109;95 Euro! ~http 
neutral	3	10043	spiegel online schreibt; dass obama eine fliege gefangen hat  ~http  und lässt mich ratlos zurück!
neutral	3	23901	Oh Gott ich beginne zu verstehen.
neutral	3	45950	Gibts Videos der "Überkleber" von Rinteln? solange gilt die Unschuldsvermutung ? @ #piraten fans #cdu #spd #gruene ~http 
neutral	3	35169	GC: Nintendos Software-LineUp für das restliche Jahr: Nintendo hat nun die Release-Liste aller Spiele des aktuel... ~http 
neutral	3	105268	suche ein Samsung Galaxy S i9000
neutral	3	20272	Bald geht es wieder los; am 16.April wird im kleinen Harz der Halberstädter Dom eingeweiht.
neutral	3	13165	Amerikanische Sendung zum Thema Lumixyl System-Pflege ~http 
positive	3	10841	....wie schön; keine Banane mehr; gut; dass sich manches mit einer einfachen Kündigung lösen läßt...
positive	3	40682	Danke für´s folgen @user @user @user @user @user ; Euer ~http 
negative	3	21210	verdammte Urlaubszeit und schon steigt  die Zahl der Fundtiere; der Ausgesetzten !!!
neutral	3	17457	hubschrauber über meinem haus
neutral	3	26571	pennen binz :D (es ist 04:40)
neutral	3	121383	Wer noch keinen eBook-Reader hat: Am 16.12. ab 17.00 Uhr ein Sony PRS-505 als Angebot mit eBook-Gutschein. Infos folgen hier.
negative	3	226	Mein Plattenspieler gab nach 12 jahren grad den Geist auf :( Letzter Song: Etta James - Power Play.. R.I.P.
positive	3	11828	hahahaha was ein Erlebnis im mandalay :D
neutral	3	35164	MediaCreate Software-Charts vom 21. August 2011: Das japanische Marktforschungs-Unternehmen MediaCreate hat die ... ~http
neutral	3	4709	Beim Aushandeln von Honoraren geht es nicht darum; wer im Recht ist. ~http
neutral	3	21526	FREITAG 03/09/2010  - SOMMER SCHLUSS VERKAUF..... ~http 
neutral	3	9412	Ich habe ein YouTube-Video zu meinen Favoriten hinzugefügt. -- Phil Collins - Dir gehö... ~http
neutral	3	15909	HEUTE 21.05.2010 Jam Session mit Textil-Festival; Start 21:00 Uhr; Eintritt 2€; see more @ ~http 
positive	3	41263	ASP war sehr sehr sehr geil! Within Temptation geniesse ich aus der ferne; Beste Freundin lieber mittendrin. #meraluna
neutral	3	32685	#OBI in #Lehrte geht in Stellung und mischt sich in die Debatte ein. Zeitung lesen.
neutral	3	43792	Installationen Bochel ab sofort online!  ~http 
neutral	3	18477	Hallo liebe Nadine Bla; die von Dir abgebildete Blume ist nicht die aus der Aktion mit dem Code: GRATIS-BLUME (ab... ~http 
neutral	3	14133	Heute: Patchday - Microsoft veröffentlicht 17 Bulletins ~http  via @user + CyanogenMod 7 installieren.
neutral	3	14576	Sind Multimillionäre; Playboys und Filmstars glückliche Menschen? Oder sind es die "Armen" mit weniger Geld in anderen Erdteilen?
positive	3	30490	Wünsche allen die es lesen möchten einen wunderschönen Abend; bei dem Wetter keine Kunst.
neutral	3	4484	Kann ein GPL-Verstoss geheilt werden?: Über Golem.de wurde ich auf einen Beitrag von Naughton aufmerksam; der in... ~http 
na	3	38479	iich liiebe iihn *-* ._. iist heute übelst kopfgefiickt &gt;.&lt; iich hab Kopfschmerzen wie Sau &gt;.&lt;
negative	3	3056	bah. volvic ist ekelig.
positive	3	7930	lol das mit dem #Dschungelcamp ist einfach nur belustigend haha xD
negative	3	46691	Frauenfußball ist soooooooooo schlecht
neutral	3	32618	Sind's denn hier StudiVZler dabei! Dann schaut's doch ei'mal nach die Gruppe Kommissar Hjuler !
neutral	3	25893	wer hier Angst hat hat schon verloren..~http 
neutral	3	32245	MiMi; unser neuer Online-Aktionsshop; hat wieder geöffnet. Heute gibt's günstige Tickets für die nächste Premiere! ~http 
neutral	3	106762	Infografik: Skype – von der Idee bis zur Übernahme durch Microsoft ~http 
neutral	3	33658	Veranstaltung: Heute; 07.09. in Köln "A Lo Latino Special" im Petit Prince mit DJ Eddy & clm ~http  #Salsa #Merengue
neutral	3	31789	Vielleicht sollte ich doch mal Bing eine Chance geben
neutral	3	26000	so ne #Twitter - #Googleplus schnittstelle fehlt aber noch; oder?
neutral	3	28408	Neuer Online-Lieferservice Lieferheld sorgt für kräftig Wirbel ~http 
negative	3	39927	scheiss Wetterumschwung! gnaaahhhh &€kjsbrfbowfoinwrfverksd
neutral	3	24835	ein Fall für den Soziologen #Klo-Grafitti @user
neutral	3	29119	Kurzer Draht zum Kunden in der #WeltamSonntag! #SocialMedia
negative	3	39110	Na Toll! Jetzt ist mir das ganze noch auf den Kreislauf geschlagen. Damit lieg ich für heute Flach :-(
neutral	3	35418	Nur füttern; nicht streichenl bitte! @user @user @user @user @user Twitterzooten #ff
neutral	3	24432	‘Occurro!’ kehrt in den App Store zurück; Komplett kostenlos ~http 
negative	3	39755	Alter wie ich einfach mal so kein Bock mehr hab.
neutral	3	11868	Bildergalerie: Wir hatten ja schon bemerkt; am Sonntag war hier im Wichtelwald viel los. Einer der freundlichen.. ~http
neutral	3	38515	2:15 streiten die sich um die Flasche xDD(YouTube ~http )
neutral	3	39412	Foto von Kai Pflaume bei Microsoft im Digitalen Klassenzimmer. #CeBIT #CeBIT10 ~http  ~http 
neutral	3	47065	Die Trainingszeiten bis zu den Sommerferien sind nun auf der Homepage aktualisiert. ~http 
negative	3	35291	wenn sarah knappik im tv über paris hilton urteilt; stimmt was nicht am sonntagmorgen.
neutral	3	46304	Tagesstatistik: 214 neue Beiträge; 12 neue Themen; 9 neue Galeriebilder! Verpasst? ~http 
neutral	3	125791	:D RT @user Aufgeflogen! Samsung kopierte das iPad schon im Jahre 2006 ~http 
positive	3	5211	VIA @user Weil unser Herz Liebe kennt ♥ sehr schön!
positive	3	26134	Es gibt da ein supi geiles Forum &gt;_&lt; ~http  der Manga ist auch geil *-* das müsst ihr euch ansehen &gt;_&lt; supi game ^^
negative	3	38836	Mir gehts immer noch beschissen|heftige Halsschmerzen -.-''
neutral	3	870	News am Nachmittag - Teilweise voll gesperrt: Otto-Brenner / Stadtwerke / Polizei sucht BetrügerInnen / Country-Cody 3. #bielefeld #kanal21
negative	3	6927	Fenster zu es zieht!Nein;Fenster zu es stinkt wieder gewaltig im Hinterhof!Was so ein Imbiss so alles ungestraft darf!Frische Luft bitte!!!
neutral	3	105270	Suche: Samsung Galaxy Tab  Verkaufe: Motorola Defy   Hat jemand was?!
negative	3	43051	doofes wetter zum bremsen machen...
neutral	3	20898	Zurück aus München; am WE Umzug Teil III
neutral	3	43050	gerade vom Strand zurück gekommen
neutral	3	31576	Noch Plätze frei! Ferien-Workshop "Die #Technik des #Linolschnitts" für Kinder ab 8 Jahren schnell bis 26.8. anmelden! ~http 
neutral	3	157700	Neue Produkte von Samsung im Kommen! Teil 2 ~http 
neutral	3	331	#Erfolg mal anders definiert   ~http 
neutral	3	43342	Ich habe ein YouTube-Video zu meinen Favoriten hinzugefügt. -- Trailer towing fail ~http 
neutral	3	29562	Das braucht Ihr aber nicht gleich zu können: ~http  #Bosu #Balance #Performance
positive	3	25589	Geschafft! ... Knuddelesel.de auf Jomsocial 2.2.1 geupdatet ... läuft noch nicht alles rund; aber wird ja hoffentlich
positive	3	22911	Wir sind dabei; Wormser Pfingstmarkt! Wir freuen uns auf interessante Gespräche! Halle 5/512 vom 22. bis 30. Mai 2010 ~http 
neutral	3	11551	braucht dringen neue schuhe; ein kleid; ein haarreif; neues piercing; neue oberteile ...♥
neutral	3	39298	Änderung in den Hartz IV Regelsätzen? Gericht verhandelt am 19.10.09! Alle Infos Heute 16.10. Im Familienbüro Katharinenstr. 23
neutral	3	22659	Ich habe den Kanal von CommanderKrieger auf YouTube abonniert (~http ).
neutral	3	35812	Punkteniveau auf Regio Süd deutlich unter BaWü; Gutenberg- und SK-Cup; 9 Clubs im Wettbewerb; 17 Redner-Saisondebüts #VDCHregios
neutral	3	32848	3 Grundbe-Dürfnisse jedes Menschen: • Selbst-Wirksamkeit: Effektivität + Effizienz (was + wie)
positive	3	20833	Juuhuu.. "Schutzengel" von Paulo Coelho gewonnen..das ist doch mal eine gute Nachricht heute...
neutral	3	3513	Das ist ja wie bei der "Sendung mit der Maus". #Welterklärung #WwM
positive	3	42960	Harry Potter und die Heiligtümer des Todes T.2 am Dienstag war echt klasse. Und dann nächste Woche nochmal in 3d und demnächst 24h HP! :3
negative	3	95341	Handy vollkommen kaputt -_- Sony Ericsson sucks -_-" Kann ich echt nicht empfehlen! Morgen nach 'nem neuen Ausschau halten *seufz* #Xperia
neutral	3	29331	Warum macht Microsoft auf WinXP Systemen Werbung für den IE9?
neutral	3	43133	News des Tages: AIDA baut weiter - diesmal in Japan. In 2016 wird die Flotte mehr als 25.000 Betten umfassen! ~http 
neutral	3	46553	Bohnen-Tomaten-Gemüse ~http 
neutral	3	43093	Damals war es das 2. zuhause...
neutral	3	33607	Kolumbianisches Verfassungsgericht stärkt Rechte der Indigenen auf ihre Kultur und ihr Territorium (pdf; ~http  (cont) ~http
negative	3	46639	Ich mag #Anthony nicht @user
negative	3	46098	heute voll abgekackt zum kotzen ey geht gar nicht
negative	3	3169	Ich möchte Menschen verfluchen können!!
neutral	3	99209	Jemand interesse an ein Sony Ericsson Satio? 1 Jahr noch Garantie... Melden ;&gt;
neutral	3	4468	Button-Lösung auf den Weg gebracht: Was haben wir alle geschimpft und kritisiert: Nicht nur bei uns gab es Kriti... ~http 
neutral	3	22391	#BigBrother Einzug. Wer schaut? #bb
negative	3	22466	Enclave90 Patricia RT @user Kann mir mal jemand bitteschön zusammenfassen; was der Scheiß mit Berlin bitte soll? #fickdichberlin
neutral	3	38673	heute zuhause bleiben oder wegfahren.. das is die große frage.. ?!! mhh.. noch unentschlossen.. mhh.. mal sehn
neutral	3	24493	KnechtPetrus´ Daily wurde gerade veröffentlicht! ~http  ▸ Titelthemen heute: @user @user
neutral	3	41159	Slogan der #NPD#SachsenAnhalt: "Gegen den Strom".Ich wäre für Koalition mit #Bremer#Linken.Die sind auch #antisemitisch und auch gegen Strom
positive	3	19959	mein Auto fährt trotz Eiseskältet!
neutral	3	9534	Vielen Dank! ab jetzt erhalten sie das Eurovisions Packet für 10;99€ pro Woche auf ihr Handy! #ardesc
neutral	3	31397	Gelb in sektor zwei
positive	3	10111	Guten Morgen Welt ;-)
negative	3	37320	Bin erst ne Woche bei Deviantart und bekomm jetzt schon Spam-Nachrichten; Yeah!
positive	3	45707	Auch ich wünsche allen hier weiterhin frohe und gesegnete Weihnachten! :)
neutral	3	17422	Fahrradfahrer aufgepasst: die Berliner Polizei kontrolliert wieder an roten Ampeln!
neutral	3	18955	Interessant; wie das Internet tief in unsere Kultur eingreift; und wie schwer sich viele damit tun: ~http 
neutral	3	39369	Führt Kriege gegen andere Stämme und gewinnt Perlen für eure Stammeskasse. Wer schafft es die Statistik mit... ~http 
neutral	3	23124	Drei Weinhoheiten und ein Geschäftsführer auf ~http
neutral	3	33855	Konzertreihe: "Jazz Metropolitano 2011" Goethe-Instititut Kolumbien präsentiert jazz colombiano ab 10. Mai... ~http 
negative	3	23296	kann ma einer mein freund werden hier ..... fühl mich nach 4 minuten immer noch so alleine :-/
neutral	3	5718	GEWINNE EXKLUSIVE COCA-COLA Light Accessoires entworfen von Karl Lagerfeld ~http
neutral	3	27988	Clicker+Leinenaggr. Video ~http 
neutral	3	12272	Eigene Icons für die Windows-Bibliotheken: Jeder in Windows 7 kennt die Bibliotheken. Um sie kommt man gar nicht... ~http 
neutral	3	99094	einer Erfahrung mit Samsung Wave?
positive	3	6076	Jahrgangsstufe 12... nur noch 2 Jahre und dann endlich vorbei... :D :D
neutral	3	5988	.@liberalextrem Die Grundlage der Wirtschaft ist dinglich und findet zwischen Menschen statt. Finanzkapital optimiert nur die Investitionen.
neutral	3	5834	Nochmal der Hinweis; am 27.09. Wahlparty in Wesel! Infos und Anmeldung hier: ~http
neutral	3	165424	Techniknews: "Office 365" - Microsoft Office Webapp im Browser - Beta startet heute; Anmeldung kostenlos ~http  @user
positive	3	8254	süße :* ich hab dich lieb und mag dich :**♥
neutral	3	33959	Versandhändler Otto will nach Brasilien expandieren ~http
neutral	3	36498	Jetzt wisst ihr Bescheid: ~http
positive	3	9718	Hallo ihr Lieben (:
positive	3	105261	Geil !!!!! Neues Samsung Galaxy S 2
neutral	3	21739	ich war noch zu klein um die lage zu begreifen.
neutral	3	2778	#Wiegenlied der Woche: "In stiller Nacht" von Christiane Oelze. Jetzt kostenlos downloaden auf ~http 
neutral	3	31698	Na dann guck ich gleich mal beim Juwelier. Ist für eine Mini-Fernbedienung.
neutral	3	24687	Alle Samstag-Ergebnisse im Amateurfußball: Viele Tore; einige Überraschungen gab es in den Samstag-Par... ~http  #Lustenau
neutral	3	27331	Überwiegend bewölkt; 17°C; Wind: 2 km/h (11:00) #Luzern
neutral	3	40504	Haha; das war wohl ein Schock für die armen Turtle Mitarbeiter; aber seht selbst: ~http 
neutral	3	210	lichtgestaltung-aachen.de
neutral	3	5632	Streiche lieber ein Jahr in deinem Leben und gestalte die nächsten 365 Tage neu.  Franz Kern
neutral	3	13166	Unsere amerikanischer Partner ~http 
neutral	3	29381	Was denn auf #MSN heute los??? ~http 
neutral	3	42559	Nachrichten Krefeld Krefeld - Niers-Express: Fünf Wochen Ersatzverkehr mit Bussen ~http 
neutral	3	5096	was soll #bchh09 überhaupt sein? Ja ich bin unwissend....
negative	3	30772	Neinnnn bitte nicht...~http 
neutral	3	43569	Das neue; sichere Formel-ADAC-Boot mit Sicherheitscockpit bei einer seiner ersten Testfahrten am vergangenen Sonntag. ~http
neutral	3	117540	Falsch er wurde durch das iPhone tracking gefunden! “@Neureutheralex: Bin Laden aufgeflogen weil er Playstation von Sony gespielt hat und.."
positive	3	25003	Der erste Tag ist rum und die Arbeit gefällt. :-) #s2
neutral	3	9385	Ich habe ein YouTube-Video zu meinen Favoriten hinzugefügt. -- Justin bieber performan... ~http
positive	3	19320	Nur noch ein paar Std ;)
positive	3	11614	Neue Frisuuuur xD und ich seh verdammt gut aus :P
neutral	3	121002	Sind die Server von Sony (zum online spielen) immer noch down; habe neulich mit nem Kollegen gespielt! Gruß Marius #Sony #Server #Frage #PS3
neutral	3	33192	Wird "2001 - Odysee im Weltraum" von Samsung gegen iPad am LG DD ins Feld geführt? ~http 
neutral	3	1322	Jasmine hat für euch vorab "Das verbotene Eden - David und Juna" gelesen und rezensiert ~http 
neutral	3	15645	Kennt jemand den Rekordläufer mit der Nr. 18019 am Berlinmarathon? #sollstarksein
neutral	3	12887	New Post:  Samsung Galaxy S Plus ab Juni in Deutschland erhältlich ~http
neutral	3	17351	else.schwarz Rechtsanwälte - #Wiesbaden | Beamte #Mobbing Bauen & Denkmal; #Umwelt; Fachanwalt Verwaltungsrecht ~http 
neutral	3	22022	"Erinnerung" heisst das neue Kunstplakat von Quarrtsiluni. Auch im Lusorium-Stream auf Flickr: ~http 
neutral	3	24446	Square Enix verschiebt ‘Final Fantasy Tactics’ weiter nach hinten ~http 
neutral	3	13950	Misikalische Früherziehung – Let's get loud! ~http 
neutral	3	33822	Der Schatz des kolumbianischen Departamentos Córdoba: Lorica - Lebensfreude am Ufer des Río Sinú - Fotogallerie: ~http 
neutral	3	24098	Die Aussichten für Morgen: Da haben wir 2-3 Follows im Norden; und 1 Retweet im Osten. Am Abend ziehen Unfollows durchs Land.
neutral	3	34775	24h #Konsum: JA zu liberaleren Öffnungszeiten der Tankstellenshops ~http 
neutral	3	15915	HEUTE 01.05.2010 danceON Reggae-Party mit green skin movement Start 21:00 Uhr Eintritt 2€ (Vereinsmitglieder frei)  ~http 
positive	3	43211	LOL ist toll! ~http
positive	3	19352	Nie mehr ohne dich-ich liebe dich :-*
positive	3	26422	Feierabend
neutral	3	23699	Jetzt Hunger.
neutral	3	16798	Aufsteiger Platz #3: babywalz Anti-Rutsch-Socken ~http 
negative	3	18272	„Warum sagst du das nicht vorher; warum erst jetzt? Was tun wir denn so schnell? ...“ Daily Dueck Aktuell ~http  via @user
neutral	3	178959	Was haben ein Smart; ein dicker Audi und ein Tischlerei-Transporter gemeinsam? Nen fetten Crash vor meinem Bürofenster. Sind alle wohlauf!
neutral	3	30737	Hier mal ein netter spruch für unsere Vegetarier..Die Schweine von Heute sind die Schnitzel von Morgen!
neutral	3	6743	Google löscht Android-Apps aus der Ferne ~http 
positive	3	35560	Frohes Neues ! ! ! Hoffentlich seit ihr alle schee nei gerutscht^^
neutral	3	105269	Hat mir jemand einen direkten Vergleich zwischen dem Samsung Galaxy s i9000 und dem LG Optimus Speed? Welches ist zu empfehlen?
neutral	3	16767	AUCH NEU! ~http 
neutral	3	7529	Lemmings auf WebOS? Sony (Rechteinhaber)  schiebt den Riegel vor! #webos #palm #pre
negative	3	16283	1;60 männlich rote haare etwas dick hasenfresse und n iq von mettwurst und ne stimme wie verona feldbusch! Die nervige aushilfe!
neutral	3	3658	Habe gerade ein Flugzeug geflogen. Also im Simulator am PC. Werde jetzt Pilot!
neutral	3	20563	NEWS von der Weltreise: Laos ~http
negative	3	11513	aber der mond..:(
neutral	3	35640	Suncase Ledertasche für Samsung Galaxy S2 ~http 
neutral	3	32990	Neue Termine für die Social-Web-Roadshow! ~http  ~http 
neutral	3	48910	Entdecke Windows 7 bei unserem "Deploy & Win" Wettbewerb; welchen wir bald gemeinsam mit Microsoft starten werden - soon @ ~http 
neutral	3	20263	Passend zur wahl am so RT @user Alles Infos zu “#servergate” – Polizei beschlagnahmt Piratenpartei-Server. ~http 
neutral	3	129005	Apple ist der neue Smartphone-König - Finnen rutschten im Quartal auf 3. Platz ab. Samsung nun Branchenzweiter. ~http 
neutral	3	66147	Technik der Zukunft ; wie sie sich Microsoft vorstellt:   ~http 
negative	3	34418	Zum #Plagiat Vorfall: Selbst der erste Absatz findet sich woander wieder. Schon dreist. ~http 
neutral	3	2781	Rheinbergers "Abendlied"; gesungen vom SWR Vokalensemble Stuttgart. Jetzt kostenlos herunterladen auf ~http 
neutral	3	18570	Microsoft - Bing und Google; der ungleiche Kampf der Suchmaschinen oder was ist los mit Bing? - ~http 
neutral	3	88351	Die Antwort für Microsoft ~http 
neutral	3	34245	Das Foto Konijnenberg Kenner-Angebot: Die Sony DSC-HX5 Kompaktkamera diese Woche für nur € 199;00: ~http
negative	3	7384	Es ist traurig;wenn sich zwei Menschen einig darüber sind;dass sie nichts mehr miteinander zu tun haben wollen.
positive	3	32125	Heute muss mal wieder ein Eintrag rein. Es ist ein geiles Gefühl wenn man auf den Knopf drückt und es 8 mal die Sek. Klack macht! Wahnsinn!
neutral	3	129835	Wiesbaden sucht einen Projektleiter im Microsoft Umfeld (m/w) ~http 
neutral	3	41568	Wenn #Weihnachtsmänner #Glüwein trinken;....~http 
neutral	3	4066	#Weihnachten #Gutscheine #Kanutour auf der #Fulda zum #Sofortausdruck bei KanutoursFulda ~http
positive	3	35494	Die Liebe ist mein Lebens-Navi
negative	3	18745	ich hasse ich hasse ich hasse ich hasse wen auch immer; am besten alle !
positive	3	21226	Endlich konnte ich meinen Schweinehund überwinden und mich an das Kleid machen... naja... ok... ich hab den Stoff zurecht geschnitten XD
neutral	3	31033	#Suche Visa für Strandshooting auf #TfP Basis. Bitte melden Please RT
positive	3	7888	Ich spiel grad Nintendo DS :D
neutral	3	19628	Wie viele Zugriffe müssen das wohl sein auf #gameone damit der Server einknickt?
neutral	3	31611	Tipp! Käthe #Kollwitz #Jubiläumsaustellung "Paris bezauberte mich" bis 30.Januar 2011 verlängert. ~http 
neutral	3	25817	Zeigt her Eure Lieblinge - Parade 7 Woche ~http 
neutral	3	16022	"Finest-Electronic-Beats" KLANGRAUM FM NÜRNBERG / FÜRTH 106;5 MHz - ERLANGEN 106;2 MHz KABEL DEUTSCHLAND 103;9 MHz - KA… ~http 
neutral	3	23867	Zehn lustige Domainnamen ~http  #domains #seitennamen #seitenadressen #humor
neutral	3	33343	Urheberrechts-Trolle in der Wikipedia ~http 
neutral	3	23441	Ich ziehe um  ~http 
neutral	3	3491	Irgendwas vom Rest? - Ja; genau! #Detailliebe #Domian
neutral	3	25789	Post von heute 06 September 2011 ~http
negative	3	14059	Nacht durchmachen; weil ich eben angefangen habe einen 5-seitigen Bericht zu schreiben; den ich morgen abgeben darf. Na das wird n Spaß -.-
neutral	3	167723	Nintendo Fans aufgepasst. Eine frische Review zum bald erscheinenden Nintendo 3DS auf loveforgames.de &lt;3
neutral	3	46320	"Der Marketing im Sinne des Marketing..." #TippfehlerThursday #fail  #Uni
neutral	3	19842	Spieltag 33 Gesamtwertung:  @user 320 Pkt. @user  318 Pkt. @user 315 Pkt.
neutral	3	154140	eBook-Reader Sony PRS-300 in verschiedenen Farben für 99;90 Euro bei Comtech ~http 
neutral	3	33999	Zitat: Sagst du’s mir; so vergesse ich es. Zeigst du’s mir; so merke ich es mir. Lässt du mich teilhaben; so verstehe ich es. (China)
positive	3	13263	Morgen gehts vielleicht nach Hamburg :)
neutral	3	22989	Nichtraucher werden; ohne Entzugserscheinungen und ohne Gewichtszunahme. Das ist möglich! ~http 
neutral	3	44296	MÜNCHEN: Psst! Heisse Ware aus dem Knast! Neu auf ~http
negative	3	25570	Frauen kann man doch echt nicht weiter trauen als man sie sieht ... schlimm sowas ...
neutral	3	29141	"@KoelnFormat: Mein #eBay account feiert 10jähriges. Und euer so?" Gute Frage; muss ich nachschauen. Gruß Frank
neutral	3	8464	Entwicklung hocheffizienter Elektroden für die großtechnische Erzeugung von Wasserstoff aus regenerativen Energien ~http 
neutral	3	36321	twittern auch leute; denen es schlecht geht? /via @user - Spannende Frage nach Qualität und Bedeutung der Sozialbeziehungen im Netz!
neutral	3	129034	Apple verklagt Samsung auch in Südkorea - Vorwurf des Ideenklaus nimmt nun internationale Dimensionen an. ~http 
neutral	3	25941	Heute Abend kommen etliche seltene Mikrofone auf den Reprotisch! #Robinsound
neutral	3	73310	Premiere: 1. Verkaufsspiel in Wien. Start 16:00 Uhr im Hilton Plaza ~http
neutral	3	34726	.@svp_wahlen_2011 Wahlversprechen hier unterzeichnen ~http  "SVP ... fordert echte Entlastungen für Wirtschaft & Konsumenten"
positive	3	30184	Guten morgen. Endlich mal ein guter start in start in den tag.
neutral	3	24248	Verkaufe einen Nintendo DS lite cobalt Blue mit cyclo ds Evolution für 200€ VB.(4 Monate alt)  ~http
negative	3	13149	Ach hab ich lust heute :___:
neutral	3	167727	Seid ihr am Nintendo 3DS interessiert? Morgen wird ein Artikel über den neuen Handheld veröffentlicht. Seid gespannt!
positive	3	42902	Ach was für ein schönes Video ~http 
neutral	3	82685	[Gerücht] Microsoft zeigt Windows 8 auf Samsung-Tablet: Schon in wenigen Tagen (am 13. September) will Microsoft... ~http 
negative	3	40023	Yahoo-Chefin per Telefon gekündigt. Hm ... dass dazu nicht das Internet genutzt wurde; zeigt Yahoos Niedergang ganz deutlich ...
positive	3	11511	soo...um circa 10 uhr muss ich erst am bahnhof sein und kann demnach noch was chillen...:D
positive	3	45250	gleich essen gehen; und dann ab nach frankfurt und von dort aus nach griechenland :)
neutral	3	8460	Audi balanced mobility - mit Wind erzeugtes e-Gas soll Audi antreiben ~http 
neutral	3	7992	Twitter - lange vernachlässigt; aber es war einfach so viel privates los *G* ... Trotzdem viel gelesen in der Zeit siehe Blog ;)
neutral	3	39832	+1;5 wodka!!!!!! Männer vergessen einfach alles!!!!
neutral	3	7297	Ich bin gerade ~http  beigetreten mit 3 anderen Leuten und 2 auf Kamera.
neutral	3	37779	Die #Piraten Friedenau werden auf dem Cranachstrassenfest vertreten sein; am Samstag; 21.05. ab 14 Uhr
neutral	3	14853	Am Sonntag trifft sich um halb zwei der Arbeitskreis Öffentlichkeit wegen der Erneuerung der KjG Homepage und danach die PL =)
neutral	3	78308	Liveshopping: adidas schuh bei Hervis statt € 90 um € 60; zu finden auf ORF.at (rechts); gratis versand
positive	3	12656	Super Wetter! Heute abend gleich mal noch ins #Freibad nach #Nagold ins kühle Nass!!!
